label,y,file,window_start_s
normal_good,0,0004dbb9-c57b-442c-be97-3d24d722d5fa.ulg,0.0
normal_good,0,0004dbb9-c57b-442c-be97-3d24d722d5fa.ulg,16.0
normal_good,0,0004dbb9-c57b-442c-be97-3d24d722d5fa.ulg,32.0
normal_good,0,0004dbb9-c57b-442c-be97-3d24d722d5fa.ulg,48.0
normal_good,0,0004dbb9-c57b-442c-be97-3d24d722d5fa.ulg,64.0
normal_good,0,0004dbb9-c57b-442c-be97-3d24d722d5fa.ulg,80.0
normal_good,0,0004dbb9-c57b-442c-be97-3d24d722d5fa.ulg,96.0
normal_good,0,0004dbb9-c57b-442c-be97-3d24d722d5fa.ulg,112.0
normal_good,0,006b1399-5b55-4085-87a3-b08b39b6be1a.ulg,0.0
normal_good,0,006b1399-5b55-4085-87a3-b08b39b6be1a.ulg,16.0
normal_good,0,006b1399-5b55-4085-87a3-b08b39b6be1a.ulg,32.0
normal_good,0,006b1399-5b55-4085-87a3-b08b39b6be1a.ulg,48.0
normal_good,0,006b1399-5b55-4085-87a3-b08b39b6be1a.ulg,64.0
normal_good,0,006b1399-5b55-4085-87a3-b08b39b6be1a.ulg,80.0
normal_good,0,006b1399-5b55-4085-87a3-b08b39b6be1a.ulg,96.0
normal_good,0,006b1399-5b55-4085-87a3-b08b39b6be1a.ulg,112.0
normal_good,0,006b1399-5b55-4085-87a3-b08b39b6be1a.ulg,128.0
normal_good,0,006b1399-5b55-4085-87a3-b08b39b6be1a.ulg,144.0
normal_good,0,006b1399-5b55-4085-87a3-b08b39b6be1a.ulg,160.0
normal_good,0,006b1399-5b55-4085-87a3-b08b39b6be1a.ulg,176.0
normal_good,0,006b1399-5b55-4085-87a3-b08b39b6be1a.ulg,192.0
normal_good,0,006b1399-5b55-4085-87a3-b08b39b6be1a.ulg,208.0
normal_good,0,01061f1b-a7c9-41cf-9ed2-65d31497608c.ulg,0.0
normal_good,0,01061f1b-a7c9-41cf-9ed2-65d31497608c.ulg,16.0
normal_good,0,01061f1b-a7c9-41cf-9ed2-65d31497608c.ulg,32.0
normal_good,0,01f55399-84d2-497a-8ed5-9a92abc9ac73.ulg,0.0
normal_good,0,01f55399-84d2-497a-8ed5-9a92abc9ac73.ulg,16.0
normal_good,0,01f55399-84d2-497a-8ed5-9a92abc9ac73.ulg,32.0
normal_good,0,01f55399-84d2-497a-8ed5-9a92abc9ac73.ulg,48.0
normal_good,0,01f55399-84d2-497a-8ed5-9a92abc9ac73.ulg,64.0
normal_good,0,01f55399-84d2-497a-8ed5-9a92abc9ac73.ulg,80.0
normal_good,0,01f55399-84d2-497a-8ed5-9a92abc9ac73.ulg,96.0
normal_good,0,01f55399-84d2-497a-8ed5-9a92abc9ac73.ulg,112.0
normal_good,0,028f6c5f-058a-4fee-ae5f-0a0f8df24774.ulg,0.0
normal_good,0,028f6c5f-058a-4fee-ae5f-0a0f8df24774.ulg,16.0
normal_good,0,03955d10-4d3d-4769-ba0d-e6b35cd58bae.ulg,0.0
normal_good,0,03955d10-4d3d-4769-ba0d-e6b35cd58bae.ulg,16.0
normal_good,0,03955d10-4d3d-4769-ba0d-e6b35cd58bae.ulg,32.0
normal_good,0,03955d10-4d3d-4769-ba0d-e6b35cd58bae.ulg,48.0
normal_good,0,03955d10-4d3d-4769-ba0d-e6b35cd58bae.ulg,64.0
normal_good,0,03955d10-4d3d-4769-ba0d-e6b35cd58bae.ulg,80.0
normal_good,0,03c7415d-6d6a-4bdf-82be-fa427cc6c250.ulg,0.0
normal_good,0,03c7415d-6d6a-4bdf-82be-fa427cc6c250.ulg,16.0
normal_good,0,03c7415d-6d6a-4bdf-82be-fa427cc6c250.ulg,32.0
normal_good,0,03c7415d-6d6a-4bdf-82be-fa427cc6c250.ulg,48.0
normal_good,0,03c7415d-6d6a-4bdf-82be-fa427cc6c250.ulg,64.0
normal_good,0,03fe170e-c358-4387-bf79-6ad9b59cd249.ulg,0.0
normal_good,0,03fe170e-c358-4387-bf79-6ad9b59cd249.ulg,16.0
normal_good,0,03fe170e-c358-4387-bf79-6ad9b59cd249.ulg,32.0
normal_good,0,03fe170e-c358-4387-bf79-6ad9b59cd249.ulg,48.0
normal_good,0,03fe170e-c358-4387-bf79-6ad9b59cd249.ulg,64.0
normal_good,0,03fe170e-c358-4387-bf79-6ad9b59cd249.ulg,80.0
normal_good,0,03fe170e-c358-4387-bf79-6ad9b59cd249.ulg,96.0
normal_good,0,03fe170e-c358-4387-bf79-6ad9b59cd249.ulg,112.0
normal_good,0,04e3635c-9bb4-4928-bf6e-67c9033d2156.ulg,0.0
normal_good,0,04e3635c-9bb4-4928-bf6e-67c9033d2156.ulg,16.0
normal_good,0,04e3635c-9bb4-4928-bf6e-67c9033d2156.ulg,32.0
normal_good,0,051424bd-71f9-4f50-a957-6ea82a85f52f.ulg,0.0
normal_good,0,05873753-2643-41c3-90da-4d8a5c4ec471.ulg,0.0
normal_good,0,05873753-2643-41c3-90da-4d8a5c4ec471.ulg,16.0
normal_good,0,05873753-2643-41c3-90da-4d8a5c4ec471.ulg,32.0
normal_good,0,0908ad2c-0c9a-4d63-af79-47e79d0b6532.ulg,0.0
normal_good,0,0908ad2c-0c9a-4d63-af79-47e79d0b6532.ulg,16.0
normal_good,0,09198e44-cb31-4ae7-bc4d-0fda82b7a621.ulg,0.0
normal_good,0,09198e44-cb31-4ae7-bc4d-0fda82b7a621.ulg,16.0
normal_good,0,09198e44-cb31-4ae7-bc4d-0fda82b7a621.ulg,32.0
normal_good,0,09198e44-cb31-4ae7-bc4d-0fda82b7a621.ulg,48.0
normal_good,0,09198e44-cb31-4ae7-bc4d-0fda82b7a621.ulg,64.0
normal_good,0,09198e44-cb31-4ae7-bc4d-0fda82b7a621.ulg,80.0
normal_good,0,0b1a730d-147b-47e3-b25e-c56fe27dacf8.ulg,0.0
normal_good,0,0b1a730d-147b-47e3-b25e-c56fe27dacf8.ulg,16.0
normal_good,0,0b1a730d-147b-47e3-b25e-c56fe27dacf8.ulg,32.0
normal_good,0,0b1a730d-147b-47e3-b25e-c56fe27dacf8.ulg,48.0
normal_good,0,0b1a730d-147b-47e3-b25e-c56fe27dacf8.ulg,64.0
normal_good,0,0b7217d4-92e0-4479-bfb3-6b1b4422f249.ulg,0.0
normal_good,0,0b7217d4-92e0-4479-bfb3-6b1b4422f249.ulg,16.0
normal_good,0,0b7217d4-92e0-4479-bfb3-6b1b4422f249.ulg,32.0
normal_good,0,0b7217d4-92e0-4479-bfb3-6b1b4422f249.ulg,48.0
normal_good,0,0b7217d4-92e0-4479-bfb3-6b1b4422f249.ulg,64.0
normal_good,0,0b7217d4-92e0-4479-bfb3-6b1b4422f249.ulg,80.0
normal_good,0,0b7217d4-92e0-4479-bfb3-6b1b4422f249.ulg,96.0
normal_good,0,0b7217d4-92e0-4479-bfb3-6b1b4422f249.ulg,112.0
normal_good,0,0b7217d4-92e0-4479-bfb3-6b1b4422f249.ulg,128.0
normal_good,0,0b7217d4-92e0-4479-bfb3-6b1b4422f249.ulg,144.0
normal_good,0,0b7217d4-92e0-4479-bfb3-6b1b4422f249.ulg,160.0
normal_good,0,0bc1e835-ccd5-4b09-8992-184b6c42b456.ulg,0.0
normal_good,0,0bc1e835-ccd5-4b09-8992-184b6c42b456.ulg,16.0
normal_good,0,0bc1e835-ccd5-4b09-8992-184b6c42b456.ulg,32.0
normal_good,0,0bc1e835-ccd5-4b09-8992-184b6c42b456.ulg,48.0
normal_good,0,0bc1e835-ccd5-4b09-8992-184b6c42b456.ulg,64.0
normal_good,0,0bc1e835-ccd5-4b09-8992-184b6c42b456.ulg,80.0
normal_good,0,0bc1e835-ccd5-4b09-8992-184b6c42b456.ulg,96.0
normal_good,0,0bc1e835-ccd5-4b09-8992-184b6c42b456.ulg,112.0
normal_good,0,0dac7351-9a78-45cf-bb5c-851458980c2f.ulg,0.0
normal_good,0,0dac7351-9a78-45cf-bb5c-851458980c2f.ulg,16.0
normal_good,0,0de32cb0-a86a-4a44-b8c4-4c1a6b7146a1.ulg,0.0
normal_good,0,0de32cb0-a86a-4a44-b8c4-4c1a6b7146a1.ulg,16.0
normal_good,0,0ec04a15-ed3d-48c1-942d-77411802d359.ulg,0.0
normal_good,0,0ec04a15-ed3d-48c1-942d-77411802d359.ulg,16.0
normal_good,0,108e5729-67b7-4d93-ae8e-ff0f5df5a63c.ulg,0.0
normal_good,0,108e5729-67b7-4d93-ae8e-ff0f5df5a63c.ulg,16.0
normal_good,0,108e5729-67b7-4d93-ae8e-ff0f5df5a63c.ulg,32.0
normal_good,0,108e5729-67b7-4d93-ae8e-ff0f5df5a63c.ulg,48.0
normal_good,0,108e5729-67b7-4d93-ae8e-ff0f5df5a63c.ulg,64.0
normal_good,0,108e5729-67b7-4d93-ae8e-ff0f5df5a63c.ulg,80.0
normal_good,0,108e5729-67b7-4d93-ae8e-ff0f5df5a63c.ulg,96.0
normal_good,0,108e5729-67b7-4d93-ae8e-ff0f5df5a63c.ulg,112.0
normal_good,0,108e5729-67b7-4d93-ae8e-ff0f5df5a63c.ulg,128.0
normal_good,0,108e5729-67b7-4d93-ae8e-ff0f5df5a63c.ulg,144.0
normal_good,0,108e5729-67b7-4d93-ae8e-ff0f5df5a63c.ulg,160.0
normal_good,0,108e5729-67b7-4d93-ae8e-ff0f5df5a63c.ulg,176.0
normal_good,0,108e5729-67b7-4d93-ae8e-ff0f5df5a63c.ulg,192.0
normal_good,0,11a91b74-fbcb-4c7e-90db-a17bc33be3f2.ulg,0.0
normal_good,0,12422bd9-803c-4338-be59-54c840a142e6.ulg,0.0
normal_good,0,12422bd9-803c-4338-be59-54c840a142e6.ulg,16.0
normal_good,0,12422bd9-803c-4338-be59-54c840a142e6.ulg,32.0
normal_good,0,13b49ba9-33a6-4354-b7f0-151ea12a8829.ulg,0.0
normal_good,0,13b49ba9-33a6-4354-b7f0-151ea12a8829.ulg,16.0
normal_good,0,13b49ba9-33a6-4354-b7f0-151ea12a8829.ulg,32.0
normal_good,0,13d1f0b9-85a4-41f2-a347-5ad8efe44088.ulg,0.0
normal_good,0,13d1f0b9-85a4-41f2-a347-5ad8efe44088.ulg,16.0
normal_good,0,13d1f0b9-85a4-41f2-a347-5ad8efe44088.ulg,32.0
normal_good,0,13d1f0b9-85a4-41f2-a347-5ad8efe44088.ulg,48.0
normal_good,0,13d1f0b9-85a4-41f2-a347-5ad8efe44088.ulg,64.0
normal_good,0,15ce6e15-c49c-4a3e-b259-304b037ea52e.ulg,0.0
normal_good,0,15ce6e15-c49c-4a3e-b259-304b037ea52e.ulg,16.0
normal_good,0,15ce6e15-c49c-4a3e-b259-304b037ea52e.ulg,32.0
normal_good,0,15ce6e15-c49c-4a3e-b259-304b037ea52e.ulg,48.0
normal_good,0,15ce6e15-c49c-4a3e-b259-304b037ea52e.ulg,64.0
normal_good,0,15ce6e15-c49c-4a3e-b259-304b037ea52e.ulg,80.0
normal_good,0,15ce6e15-c49c-4a3e-b259-304b037ea52e.ulg,96.0
normal_good,0,15ce6e15-c49c-4a3e-b259-304b037ea52e.ulg,112.0
normal_good,0,15ce6e15-c49c-4a3e-b259-304b037ea52e.ulg,128.0
normal_good,0,15ce6e15-c49c-4a3e-b259-304b037ea52e.ulg,144.0
normal_good,0,15ce6e15-c49c-4a3e-b259-304b037ea52e.ulg,160.0
normal_good,0,15ce6e15-c49c-4a3e-b259-304b037ea52e.ulg,176.0
normal_good,0,15ce6e15-c49c-4a3e-b259-304b037ea52e.ulg,192.0
normal_good,0,15ce6e15-c49c-4a3e-b259-304b037ea52e.ulg,208.0
normal_good,0,15ce6e15-c49c-4a3e-b259-304b037ea52e.ulg,224.0
normal_good,0,164765f1-28ff-460b-bc45-1e53a7154cce.ulg,0.0
normal_good,0,164765f1-28ff-460b-bc45-1e53a7154cce.ulg,16.0
normal_good,0,164765f1-28ff-460b-bc45-1e53a7154cce.ulg,32.0
normal_good,0,164765f1-28ff-460b-bc45-1e53a7154cce.ulg,48.0
normal_good,0,164765f1-28ff-460b-bc45-1e53a7154cce.ulg,64.0
normal_good,0,164765f1-28ff-460b-bc45-1e53a7154cce.ulg,80.0
normal_good,0,164765f1-28ff-460b-bc45-1e53a7154cce.ulg,96.0
normal_good,0,164765f1-28ff-460b-bc45-1e53a7154cce.ulg,112.0
normal_good,0,17cae1f0-5f76-4ad5-830a-332ba7e92ec6.ulg,0.0
normal_good,0,17cae1f0-5f76-4ad5-830a-332ba7e92ec6.ulg,16.0
normal_good,0,17cae1f0-5f76-4ad5-830a-332ba7e92ec6.ulg,32.0
normal_good,0,17cae1f0-5f76-4ad5-830a-332ba7e92ec6.ulg,48.0
normal_good,0,19960f9c-0917-4512-ac89-4c03f7f2fc47.ulg,0.0
normal_good,0,19960f9c-0917-4512-ac89-4c03f7f2fc47.ulg,16.0
normal_good,0,19960f9c-0917-4512-ac89-4c03f7f2fc47.ulg,32.0
normal_good,0,19960f9c-0917-4512-ac89-4c03f7f2fc47.ulg,48.0
normal_good,0,19960f9c-0917-4512-ac89-4c03f7f2fc47.ulg,64.0
normal_good,0,19960f9c-0917-4512-ac89-4c03f7f2fc47.ulg,80.0
normal_good,0,19960f9c-0917-4512-ac89-4c03f7f2fc47.ulg,96.0
normal_good,0,19960f9c-0917-4512-ac89-4c03f7f2fc47.ulg,112.0
normal_good,0,19d2c29d-d007-4c0a-ac01-945ac06efd22.ulg,0.0
normal_good,0,19d2c29d-d007-4c0a-ac01-945ac06efd22.ulg,16.0
normal_good,0,19d2c29d-d007-4c0a-ac01-945ac06efd22.ulg,32.0
normal_good,0,19d2fb7c-dce5-4e9f-b93c-3bad0dd46fae.ulg,0.0
normal_good,0,1aee205d-135e-48a2-a766-fb0c4cc99448.ulg,0.0
normal_good,0,1c374699-3f80-494e-906d-063f2b405b08.ulg,0.0
normal_good,0,1c374699-3f80-494e-906d-063f2b405b08.ulg,16.0
normal_good,0,1c374699-3f80-494e-906d-063f2b405b08.ulg,32.0
normal_good,0,1c374699-3f80-494e-906d-063f2b405b08.ulg,48.0
normal_good,0,1c374699-3f80-494e-906d-063f2b405b08.ulg,64.0
normal_good,0,1c3f21b5-1b69-4117-8032-b970050abc66.ulg,0.0
normal_good,0,1c3f21b5-1b69-4117-8032-b970050abc66.ulg,16.0
normal_good,0,1d3a18d4-3c9f-4e49-9b96-2b330fe6a21b.ulg,0.0
normal_good,0,1d3a18d4-3c9f-4e49-9b96-2b330fe6a21b.ulg,16.0
normal_good,0,1d3a18d4-3c9f-4e49-9b96-2b330fe6a21b.ulg,32.0
normal_good,0,1f6cfcb0-1e3d-4219-8bc0-e907f46fb93f.ulg,0.0
normal_good,0,1f6cfcb0-1e3d-4219-8bc0-e907f46fb93f.ulg,16.0
normal_good,0,1f6cfcb0-1e3d-4219-8bc0-e907f46fb93f.ulg,32.0
normal_good,0,1f6cfcb0-1e3d-4219-8bc0-e907f46fb93f.ulg,48.0
normal_good,0,1f6cfcb0-1e3d-4219-8bc0-e907f46fb93f.ulg,64.0
normal_good,0,1f6cfcb0-1e3d-4219-8bc0-e907f46fb93f.ulg,80.0
normal_good,0,1f6cfcb0-1e3d-4219-8bc0-e907f46fb93f.ulg,96.0
normal_good,0,1f6cfcb0-1e3d-4219-8bc0-e907f46fb93f.ulg,112.0
normal_good,0,1f6cfcb0-1e3d-4219-8bc0-e907f46fb93f.ulg,128.0
normal_good,0,1f6cfcb0-1e3d-4219-8bc0-e907f46fb93f.ulg,144.0
normal_good,0,1f6cfcb0-1e3d-4219-8bc0-e907f46fb93f.ulg,160.0
normal_good,0,1f6cfcb0-1e3d-4219-8bc0-e907f46fb93f.ulg,176.0
normal_good,0,1f6cfcb0-1e3d-4219-8bc0-e907f46fb93f.ulg,192.0
normal_good,0,1f6cfcb0-1e3d-4219-8bc0-e907f46fb93f.ulg,208.0
normal_good,0,1f6cfcb0-1e3d-4219-8bc0-e907f46fb93f.ulg,224.0
normal_good,0,20467322-4006-4d9b-b6cd-463e2272fa3e.ulg,0.0
normal_good,0,20877cb1-6949-4813-8e25-30ce7d3a8d48.ulg,0.0
normal_good,0,20877cb1-6949-4813-8e25-30ce7d3a8d48.ulg,16.0
normal_good,0,20877cb1-6949-4813-8e25-30ce7d3a8d48.ulg,32.0
normal_good,0,20877cb1-6949-4813-8e25-30ce7d3a8d48.ulg,48.0
normal_good,0,20877cb1-6949-4813-8e25-30ce7d3a8d48.ulg,64.0
normal_good,0,20877cb1-6949-4813-8e25-30ce7d3a8d48.ulg,80.0
normal_good,0,20877cb1-6949-4813-8e25-30ce7d3a8d48.ulg,96.0
normal_good,0,20877cb1-6949-4813-8e25-30ce7d3a8d48.ulg,112.0
normal_good,0,20877cb1-6949-4813-8e25-30ce7d3a8d48.ulg,128.0
normal_good,0,20877cb1-6949-4813-8e25-30ce7d3a8d48.ulg,144.0
normal_good,0,20877cb1-6949-4813-8e25-30ce7d3a8d48.ulg,160.0
normal_good,0,21d72038-ba58-4299-a6d9-a7e543ace4d0.ulg,0.0
normal_good,0,21d72038-ba58-4299-a6d9-a7e543ace4d0.ulg,16.0
normal_good,0,21d72038-ba58-4299-a6d9-a7e543ace4d0.ulg,32.0
normal_good,0,21d72038-ba58-4299-a6d9-a7e543ace4d0.ulg,48.0
normal_good,0,2216828d-2fb5-40b0-afd7-d8cb8f536be9.ulg,0.0
normal_good,0,2216828d-2fb5-40b0-afd7-d8cb8f536be9.ulg,16.0
normal_good,0,2216828d-2fb5-40b0-afd7-d8cb8f536be9.ulg,32.0
normal_good,0,2216828d-2fb5-40b0-afd7-d8cb8f536be9.ulg,48.0
normal_good,0,22f36b0b-d2a2-4a8d-918e-3d8c4de6b8c4.ulg,0.0
normal_good,0,22f36b0b-d2a2-4a8d-918e-3d8c4de6b8c4.ulg,16.0
normal_good,0,22f36b0b-d2a2-4a8d-918e-3d8c4de6b8c4.ulg,32.0
normal_good,0,22f36b0b-d2a2-4a8d-918e-3d8c4de6b8c4.ulg,48.0
normal_good,0,22f36b0b-d2a2-4a8d-918e-3d8c4de6b8c4.ulg,64.0
normal_good,0,22f36b0b-d2a2-4a8d-918e-3d8c4de6b8c4.ulg,80.0
normal_good,0,22f36b0b-d2a2-4a8d-918e-3d8c4de6b8c4.ulg,96.0
normal_good,0,22f36b0b-d2a2-4a8d-918e-3d8c4de6b8c4.ulg,112.0
normal_good,0,2348c673-a441-48a0-ba48-40583c381c99.ulg,0.0
normal_good,0,2348c673-a441-48a0-ba48-40583c381c99.ulg,16.0
normal_good,0,2348c673-a441-48a0-ba48-40583c381c99.ulg,32.0
normal_good,0,2348c673-a441-48a0-ba48-40583c381c99.ulg,48.0
normal_good,0,2348c673-a441-48a0-ba48-40583c381c99.ulg,64.0
normal_good,0,2348c673-a441-48a0-ba48-40583c381c99.ulg,80.0
normal_good,0,2348c673-a441-48a0-ba48-40583c381c99.ulg,96.0
normal_good,0,2348c673-a441-48a0-ba48-40583c381c99.ulg,112.0
normal_good,0,2348c673-a441-48a0-ba48-40583c381c99.ulg,128.0
normal_good,0,2348c673-a441-48a0-ba48-40583c381c99.ulg,144.0
normal_good,0,2348c673-a441-48a0-ba48-40583c381c99.ulg,160.0
normal_good,0,2348c673-a441-48a0-ba48-40583c381c99.ulg,176.0
normal_good,0,2348c673-a441-48a0-ba48-40583c381c99.ulg,192.0
normal_good,0,2348c673-a441-48a0-ba48-40583c381c99.ulg,208.0
normal_good,0,2348c673-a441-48a0-ba48-40583c381c99.ulg,224.0
normal_good,0,23a48643-15dc-4f32-a4d0-ab0edb5f694b.ulg,0.0
normal_good,0,23a48643-15dc-4f32-a4d0-ab0edb5f694b.ulg,16.0
normal_good,0,242fd393-8c00-4d28-9b92-066511083d8f.ulg,0.0
normal_good,0,248d2db6-3972-48a1-9b22-66a75c8c95fe.ulg,0.0
normal_good,0,248d2db6-3972-48a1-9b22-66a75c8c95fe.ulg,16.0
normal_good,0,248d2db6-3972-48a1-9b22-66a75c8c95fe.ulg,32.0
normal_good,0,248d2db6-3972-48a1-9b22-66a75c8c95fe.ulg,48.0
normal_good,0,248d2db6-3972-48a1-9b22-66a75c8c95fe.ulg,64.0
unsatisfactory,1,009441e0-ccf0-4682-8a71-37102de8d856.ulg,0.0
unsatisfactory,1,009441e0-ccf0-4682-8a71-37102de8d856.ulg,16.0
unsatisfactory,1,009441e0-ccf0-4682-8a71-37102de8d856.ulg,32.0
unsatisfactory,1,009441e0-ccf0-4682-8a71-37102de8d856.ulg,48.0
unsatisfactory,1,009441e0-ccf0-4682-8a71-37102de8d856.ulg,64.0
unsatisfactory,1,01283784-2497-48e2-9a79-e1f7473c0df3.ulg,0.0
unsatisfactory,1,01283784-2497-48e2-9a79-e1f7473c0df3.ulg,16.0
unsatisfactory,1,01283784-2497-48e2-9a79-e1f7473c0df3.ulg,32.0
unsatisfactory,1,01283784-2497-48e2-9a79-e1f7473c0df3.ulg,48.0
unsatisfactory,1,01283784-2497-48e2-9a79-e1f7473c0df3.ulg,64.0
unsatisfactory,1,01283784-2497-48e2-9a79-e1f7473c0df3.ulg,80.0
unsatisfactory,1,01283784-2497-48e2-9a79-e1f7473c0df3.ulg,96.0
unsatisfactory,1,01283784-2497-48e2-9a79-e1f7473c0df3.ulg,112.0
unsatisfactory,1,01283784-2497-48e2-9a79-e1f7473c0df3.ulg,128.0
unsatisfactory,1,01283784-2497-48e2-9a79-e1f7473c0df3.ulg,144.0
unsatisfactory,1,01283784-2497-48e2-9a79-e1f7473c0df3.ulg,160.0
unsatisfactory,1,01bfce2f-2418-4ee7-a51d-478061267f93.ulg,0.0
unsatisfactory,1,03ea6e04-2618-45dc-ac82-4f20dd6f7c91.ulg,0.0
unsatisfactory,1,03ea6e04-2618-45dc-ac82-4f20dd6f7c91.ulg,16.0
unsatisfactory,1,03ea6e04-2618-45dc-ac82-4f20dd6f7c91.ulg,32.0
unsatisfactory,1,03ea6e04-2618-45dc-ac82-4f20dd6f7c91.ulg,48.0
unsatisfactory,1,03ea6e04-2618-45dc-ac82-4f20dd6f7c91.ulg,64.0
unsatisfactory,1,03ea6e04-2618-45dc-ac82-4f20dd6f7c91.ulg,80.0
unsatisfactory,1,087a205e-bba8-47fd-8f18-ebefd8ba4b7e.ulg,0.0
unsatisfactory,1,087a205e-bba8-47fd-8f18-ebefd8ba4b7e.ulg,16.0
unsatisfactory,1,087a205e-bba8-47fd-8f18-ebefd8ba4b7e.ulg,32.0
unsatisfactory,1,087a205e-bba8-47fd-8f18-ebefd8ba4b7e.ulg,48.0
unsatisfactory,1,087a205e-bba8-47fd-8f18-ebefd8ba4b7e.ulg,64.0
unsatisfactory,1,087a205e-bba8-47fd-8f18-ebefd8ba4b7e.ulg,80.0
unsatisfactory,1,087a205e-bba8-47fd-8f18-ebefd8ba4b7e.ulg,96.0
unsatisfactory,1,087a205e-bba8-47fd-8f18-ebefd8ba4b7e.ulg,112.0
unsatisfactory,1,087a205e-bba8-47fd-8f18-ebefd8ba4b7e.ulg,128.0
unsatisfactory,1,087a205e-bba8-47fd-8f18-ebefd8ba4b7e.ulg,144.0
unsatisfactory,1,0c236820-f7a5-4e86-8cf2-85e0665af6c8.ulg,0.0
unsatisfactory,1,0fb584d4-2b83-4738-9516-76c80ffb0800.ulg,0.0
unsatisfactory,1,0fb584d4-2b83-4738-9516-76c80ffb0800.ulg,16.0
unsatisfactory,1,0fb584d4-2b83-4738-9516-76c80ffb0800.ulg,32.0
unsatisfactory,1,0fb584d4-2b83-4738-9516-76c80ffb0800.ulg,48.0
unsatisfactory,1,0fb584d4-2b83-4738-9516-76c80ffb0800.ulg,64.0
unsatisfactory,1,0fb584d4-2b83-4738-9516-76c80ffb0800.ulg,80.0
unsatisfactory,1,0fb584d4-2b83-4738-9516-76c80ffb0800.ulg,96.0
unsatisfactory,1,0fb584d4-2b83-4738-9516-76c80ffb0800.ulg,112.0
unsatisfactory,1,0fb584d4-2b83-4738-9516-76c80ffb0800.ulg,128.0
unsatisfactory,1,0fb584d4-2b83-4738-9516-76c80ffb0800.ulg,144.0
unsatisfactory,1,0fb584d4-2b83-4738-9516-76c80ffb0800.ulg,160.0
unsatisfactory,1,0fb584d4-2b83-4738-9516-76c80ffb0800.ulg,176.0
unsatisfactory,1,0fb584d4-2b83-4738-9516-76c80ffb0800.ulg,192.0
unsatisfactory,1,0fb584d4-2b83-4738-9516-76c80ffb0800.ulg,208.0
unsatisfactory,1,0fb584d4-2b83-4738-9516-76c80ffb0800.ulg,224.0
unsatisfactory,1,10a18ad4-dd80-474c-806f-15fd2fd0758e.ulg,0.0
unsatisfactory,1,10a18ad4-dd80-474c-806f-15fd2fd0758e.ulg,16.0
unsatisfactory,1,10a18ad4-dd80-474c-806f-15fd2fd0758e.ulg,32.0
unsatisfactory,1,10a18ad4-dd80-474c-806f-15fd2fd0758e.ulg,48.0
unsatisfactory,1,128ee649-1a33-4340-a8e4-5bf3294e8d70.ulg,0.0
unsatisfactory,1,128ee649-1a33-4340-a8e4-5bf3294e8d70.ulg,16.0
unsatisfactory,1,1888607a-ea44-4d3a-8b16-45ce501267cb.ulg,0.0
unsatisfactory,1,1888607a-ea44-4d3a-8b16-45ce501267cb.ulg,16.0
unsatisfactory,1,1888607a-ea44-4d3a-8b16-45ce501267cb.ulg,32.0
unsatisfactory,1,1888607a-ea44-4d3a-8b16-45ce501267cb.ulg,48.0
unsatisfactory,1,1888607a-ea44-4d3a-8b16-45ce501267cb.ulg,64.0
unsatisfactory,1,1888607a-ea44-4d3a-8b16-45ce501267cb.ulg,80.0
unsatisfactory,1,1888607a-ea44-4d3a-8b16-45ce501267cb.ulg,96.0
unsatisfactory,1,1888607a-ea44-4d3a-8b16-45ce501267cb.ulg,112.0
unsatisfactory,1,1888607a-ea44-4d3a-8b16-45ce501267cb.ulg,128.0
unsatisfactory,1,1bf7a352-97bf-4f64-9bcc-097a1db283c2.ulg,0.0
unsatisfactory,1,1bf7a352-97bf-4f64-9bcc-097a1db283c2.ulg,16.0
unsatisfactory,1,1d419e4d-82ae-4e97-a8a7-d7f1e88f85b3.ulg,0.0
unsatisfactory,1,1d419e4d-82ae-4e97-a8a7-d7f1e88f85b3.ulg,16.0
unsatisfactory,1,1d652f6e-e128-4a6b-a2a2-f4c4a74093b5.ulg,0.0
unsatisfactory,1,1d652f6e-e128-4a6b-a2a2-f4c4a74093b5.ulg,16.0
unsatisfactory,1,1d652f6e-e128-4a6b-a2a2-f4c4a74093b5.ulg,32.0
unsatisfactory,1,1d652f6e-e128-4a6b-a2a2-f4c4a74093b5.ulg,48.0
unsatisfactory,1,1d652f6e-e128-4a6b-a2a2-f4c4a74093b5.ulg,64.0
unsatisfactory,1,1d652f6e-e128-4a6b-a2a2-f4c4a74093b5.ulg,80.0
unsatisfactory,1,1d652f6e-e128-4a6b-a2a2-f4c4a74093b5.ulg,96.0
unsatisfactory,1,1d652f6e-e128-4a6b-a2a2-f4c4a74093b5.ulg,112.0
unsatisfactory,1,1d652f6e-e128-4a6b-a2a2-f4c4a74093b5.ulg,128.0
unsatisfactory,1,1d652f6e-e128-4a6b-a2a2-f4c4a74093b5.ulg,144.0
unsatisfactory,1,1ede8f70-3d61-46e5-b703-67c6b4735e01.ulg,0.0
unsatisfactory,1,1f448527-5c34-4906-9f64-f2566b4233a4.ulg,0.0
unsatisfactory,1,1f448527-5c34-4906-9f64-f2566b4233a4.ulg,16.0
unsatisfactory,1,1f448527-5c34-4906-9f64-f2566b4233a4.ulg,32.0
unsatisfactory,1,1f448527-5c34-4906-9f64-f2566b4233a4.ulg,48.0
unsatisfactory,1,1f448527-5c34-4906-9f64-f2566b4233a4.ulg,64.0
unsatisfactory,1,1f448527-5c34-4906-9f64-f2566b4233a4.ulg,80.0
unsatisfactory,1,1f448527-5c34-4906-9f64-f2566b4233a4.ulg,96.0
unsatisfactory,1,1f448527-5c34-4906-9f64-f2566b4233a4.ulg,112.0
unsatisfactory,1,1f448527-5c34-4906-9f64-f2566b4233a4.ulg,128.0
unsatisfactory,1,1f448527-5c34-4906-9f64-f2566b4233a4.ulg,144.0
unsatisfactory,1,1f448527-5c34-4906-9f64-f2566b4233a4.ulg,160.0
unsatisfactory,1,1f448527-5c34-4906-9f64-f2566b4233a4.ulg,176.0
unsatisfactory,1,1f448527-5c34-4906-9f64-f2566b4233a4.ulg,192.0
unsatisfactory,1,1f448527-5c34-4906-9f64-f2566b4233a4.ulg,208.0
unsatisfactory,1,1f448527-5c34-4906-9f64-f2566b4233a4.ulg,224.0
unsatisfactory,1,216a2be0-6655-4a49-a462-f7b03d68e036.ulg,0.0
unsatisfactory,1,216a2be0-6655-4a49-a462-f7b03d68e036.ulg,16.0
unsatisfactory,1,216a2be0-6655-4a49-a462-f7b03d68e036.ulg,32.0
unsatisfactory,1,21c31537-35b3-4317-bb7a-9dfee901ca11.ulg,0.0
unsatisfactory,1,21c31537-35b3-4317-bb7a-9dfee901ca11.ulg,16.0
unsatisfactory,1,21c31537-35b3-4317-bb7a-9dfee901ca11.ulg,32.0
unsatisfactory,1,21c31537-35b3-4317-bb7a-9dfee901ca11.ulg,48.0
unsatisfactory,1,21c31537-35b3-4317-bb7a-9dfee901ca11.ulg,64.0
unsatisfactory,1,21c31537-35b3-4317-bb7a-9dfee901ca11.ulg,80.0
unsatisfactory,1,21c31537-35b3-4317-bb7a-9dfee901ca11.ulg,96.0
unsatisfactory,1,21c31537-35b3-4317-bb7a-9dfee901ca11.ulg,112.0
unsatisfactory,1,21c31537-35b3-4317-bb7a-9dfee901ca11.ulg,128.0
unsatisfactory,1,21c31537-35b3-4317-bb7a-9dfee901ca11.ulg,144.0
unsatisfactory,1,21c31537-35b3-4317-bb7a-9dfee901ca11.ulg,160.0
unsatisfactory,1,21c31537-35b3-4317-bb7a-9dfee901ca11.ulg,176.0
unsatisfactory,1,22dea0df-8f26-40e1-9a80-d47a8cebafb3.ulg,0.0
unsatisfactory,1,22dea0df-8f26-40e1-9a80-d47a8cebafb3.ulg,16.0
unsatisfactory,1,26cbd971-6214-4dc2-bbf0-fb07f50c06da.ulg,0.0
unsatisfactory,1,26cbd971-6214-4dc2-bbf0-fb07f50c06da.ulg,16.0
unsatisfactory,1,26cbd971-6214-4dc2-bbf0-fb07f50c06da.ulg,32.0
unsatisfactory,1,26cbd971-6214-4dc2-bbf0-fb07f50c06da.ulg,48.0
unsatisfactory,1,26cbd971-6214-4dc2-bbf0-fb07f50c06da.ulg,64.0
unsatisfactory,1,26cbd971-6214-4dc2-bbf0-fb07f50c06da.ulg,80.0
unsatisfactory,1,26cbd971-6214-4dc2-bbf0-fb07f50c06da.ulg,96.0
unsatisfactory,1,26cbd971-6214-4dc2-bbf0-fb07f50c06da.ulg,112.0
unsatisfactory,1,26cbd971-6214-4dc2-bbf0-fb07f50c06da.ulg,128.0
unsatisfactory,1,26cbd971-6214-4dc2-bbf0-fb07f50c06da.ulg,144.0
unsatisfactory,1,26cbd971-6214-4dc2-bbf0-fb07f50c06da.ulg,160.0
unsatisfactory,1,26cbd971-6214-4dc2-bbf0-fb07f50c06da.ulg,176.0
unsatisfactory,1,26cbd971-6214-4dc2-bbf0-fb07f50c06da.ulg,192.0
unsatisfactory,1,26cbd971-6214-4dc2-bbf0-fb07f50c06da.ulg,208.0
unsatisfactory,1,26cbd971-6214-4dc2-bbf0-fb07f50c06da.ulg,224.0
unsatisfactory,1,271df769-7d58-49a4-8ceb-a7e6736064f8.ulg,0.0
unsatisfactory,1,271df769-7d58-49a4-8ceb-a7e6736064f8.ulg,16.0
unsatisfactory,1,271df769-7d58-49a4-8ceb-a7e6736064f8.ulg,32.0
unsatisfactory,1,271df769-7d58-49a4-8ceb-a7e6736064f8.ulg,48.0
unsatisfactory,1,271df769-7d58-49a4-8ceb-a7e6736064f8.ulg,64.0
unsatisfactory,1,277220e0-b246-4775-ac4c-2bdae9a6a4d1.ulg,0.0
unsatisfactory,1,277220e0-b246-4775-ac4c-2bdae9a6a4d1.ulg,16.0
unsatisfactory,1,277220e0-b246-4775-ac4c-2bdae9a6a4d1.ulg,32.0
unsatisfactory,1,2990cd6a-8d83-4683-8183-ac789d800f70.ulg,0.0
unsatisfactory,1,2990cd6a-8d83-4683-8183-ac789d800f70.ulg,16.0
unsatisfactory,1,29b9c18f-c33d-4435-819e-79d47ec7e9f8.ulg,0.0
unsatisfactory,1,29b9c18f-c33d-4435-819e-79d47ec7e9f8.ulg,16.0
unsatisfactory,1,29b9c18f-c33d-4435-819e-79d47ec7e9f8.ulg,32.0
unsatisfactory,1,29b9c18f-c33d-4435-819e-79d47ec7e9f8.ulg,48.0
unsatisfactory,1,29b9c18f-c33d-4435-819e-79d47ec7e9f8.ulg,64.0
unsatisfactory,1,29b9c18f-c33d-4435-819e-79d47ec7e9f8.ulg,80.0
unsatisfactory,1,29cd5aea-ce30-44d2-9e47-ba03c36b8705.ulg,0.0
unsatisfactory,1,29cd5aea-ce30-44d2-9e47-ba03c36b8705.ulg,16.0
unsatisfactory,1,29cd5aea-ce30-44d2-9e47-ba03c36b8705.ulg,32.0
unsatisfactory,1,29cd5aea-ce30-44d2-9e47-ba03c36b8705.ulg,48.0
unsatisfactory,1,29cd5aea-ce30-44d2-9e47-ba03c36b8705.ulg,64.0
unsatisfactory,1,29cd5aea-ce30-44d2-9e47-ba03c36b8705.ulg,80.0
unsatisfactory,1,29cd5aea-ce30-44d2-9e47-ba03c36b8705.ulg,96.0
unsatisfactory,1,29cd5aea-ce30-44d2-9e47-ba03c36b8705.ulg,112.0
unsatisfactory,1,29cd5aea-ce30-44d2-9e47-ba03c36b8705.ulg,128.0
unsatisfactory,1,2ac9711e-4f7a-4323-bd0d-e2a5499b7961.ulg,0.0
unsatisfactory,1,2ac9711e-4f7a-4323-bd0d-e2a5499b7961.ulg,16.0
unsatisfactory,1,2ac9711e-4f7a-4323-bd0d-e2a5499b7961.ulg,32.0
unsatisfactory,1,2ac9711e-4f7a-4323-bd0d-e2a5499b7961.ulg,48.0
unsatisfactory,1,2ac9711e-4f7a-4323-bd0d-e2a5499b7961.ulg,64.0
unsatisfactory,1,2b9b6f22-9ea9-4384-ad92-a77e05a1a33b.ulg,0.0
unsatisfactory,1,2b9b6f22-9ea9-4384-ad92-a77e05a1a33b.ulg,16.0
unsatisfactory,1,2bb9094a-7766-4ce2-a8bc-c001d93b9f0c.ulg,0.0
unsatisfactory,1,2bb9094a-7766-4ce2-a8bc-c001d93b9f0c.ulg,16.0
unsatisfactory,1,2bb9094a-7766-4ce2-a8bc-c001d93b9f0c.ulg,32.0
unsatisfactory,1,2bb9094a-7766-4ce2-a8bc-c001d93b9f0c.ulg,48.0
unsatisfactory,1,2bb9094a-7766-4ce2-a8bc-c001d93b9f0c.ulg,64.0
unsatisfactory,1,2bb9094a-7766-4ce2-a8bc-c001d93b9f0c.ulg,80.0
unsatisfactory,1,2bb9094a-7766-4ce2-a8bc-c001d93b9f0c.ulg,96.0
unsatisfactory,1,2bb9094a-7766-4ce2-a8bc-c001d93b9f0c.ulg,112.0
unsatisfactory,1,2bb9094a-7766-4ce2-a8bc-c001d93b9f0c.ulg,128.0
unsatisfactory,1,2bb9094a-7766-4ce2-a8bc-c001d93b9f0c.ulg,144.0
unsatisfactory,1,2bb9094a-7766-4ce2-a8bc-c001d93b9f0c.ulg,160.0
unsatisfactory,1,2bb9094a-7766-4ce2-a8bc-c001d93b9f0c.ulg,176.0
unsatisfactory,1,2bb9094a-7766-4ce2-a8bc-c001d93b9f0c.ulg,192.0
unsatisfactory,1,2bb9094a-7766-4ce2-a8bc-c001d93b9f0c.ulg,208.0
unsatisfactory,1,2bb9094a-7766-4ce2-a8bc-c001d93b9f0c.ulg,224.0
unsatisfactory,1,2c21a087-7159-4e2d-b0f0-3cae9812ea47.ulg,0.0
unsatisfactory,1,2c21a087-7159-4e2d-b0f0-3cae9812ea47.ulg,16.0
unsatisfactory,1,2c21a087-7159-4e2d-b0f0-3cae9812ea47.ulg,32.0
unsatisfactory,1,2c21a087-7159-4e2d-b0f0-3cae9812ea47.ulg,48.0
unsatisfactory,1,2c21a087-7159-4e2d-b0f0-3cae9812ea47.ulg,64.0
unsatisfactory,1,2c21a087-7159-4e2d-b0f0-3cae9812ea47.ulg,80.0
unsatisfactory,1,2c21a087-7159-4e2d-b0f0-3cae9812ea47.ulg,96.0
unsatisfactory,1,2c21a087-7159-4e2d-b0f0-3cae9812ea47.ulg,112.0
unsatisfactory,1,2c21a087-7159-4e2d-b0f0-3cae9812ea47.ulg,128.0
unsatisfactory,1,2c21a087-7159-4e2d-b0f0-3cae9812ea47.ulg,144.0
unsatisfactory,1,2c21a087-7159-4e2d-b0f0-3cae9812ea47.ulg,160.0
unsatisfactory,1,2c21a087-7159-4e2d-b0f0-3cae9812ea47.ulg,176.0
unsatisfactory,1,2c21a087-7159-4e2d-b0f0-3cae9812ea47.ulg,192.0
unsatisfactory,1,2ee744c4-0266-478b-a117-f8d7f1fec15c.ulg,0.0
unsatisfactory,1,2ee744c4-0266-478b-a117-f8d7f1fec15c.ulg,16.0
unsatisfactory,1,2ee744c4-0266-478b-a117-f8d7f1fec15c.ulg,32.0
unsatisfactory,1,2f74b9df-4d1c-4a88-b6bb-b65ad5cab486.ulg,0.0
unsatisfactory,1,2f74b9df-4d1c-4a88-b6bb-b65ad5cab486.ulg,16.0
unsatisfactory,1,30a74e2c-4f1d-4ea9-9bb7-a263b04e82f6.ulg,0.0
unsatisfactory,1,30a74e2c-4f1d-4ea9-9bb7-a263b04e82f6.ulg,16.0
unsatisfactory,1,30a74e2c-4f1d-4ea9-9bb7-a263b04e82f6.ulg,32.0
unsatisfactory,1,30a74e2c-4f1d-4ea9-9bb7-a263b04e82f6.ulg,48.0
unsatisfactory,1,30a74e2c-4f1d-4ea9-9bb7-a263b04e82f6.ulg,64.0
unsatisfactory,1,30a74e2c-4f1d-4ea9-9bb7-a263b04e82f6.ulg,80.0
unsatisfactory,1,30a74e2c-4f1d-4ea9-9bb7-a263b04e82f6.ulg,96.0
unsatisfactory,1,318297e6-50a7-4c79-aadf-4d78262ba2cf.ulg,0.0
unsatisfactory,1,318297e6-50a7-4c79-aadf-4d78262ba2cf.ulg,16.0
unsatisfactory,1,34227b66-6d28-4cd4-bc31-b211ac5967f3.ulg,0.0
unsatisfactory,1,34227b66-6d28-4cd4-bc31-b211ac5967f3.ulg,16.0
unsatisfactory,1,3852b054-512e-4576-b88c-31a6a4bf5ecd.ulg,0.0
unsatisfactory,1,3852b054-512e-4576-b88c-31a6a4bf5ecd.ulg,16.0
unsatisfactory,1,3852b054-512e-4576-b88c-31a6a4bf5ecd.ulg,32.0
unsatisfactory,1,38d23b64-b19f-40ab-9487-88f64dd5ba3b.ulg,0.0
unsatisfactory,1,38d23b64-b19f-40ab-9487-88f64dd5ba3b.ulg,16.0
unsatisfactory,1,3c16380f-9f06-4716-b70a-e7d64b39c6c7.ulg,0.0
unsatisfactory,1,3c16380f-9f06-4716-b70a-e7d64b39c6c7.ulg,16.0
unsatisfactory,1,3cf3d68f-c636-4690-a1f6-cb0bfd6afa8e.ulg,0.0
unsatisfactory,1,3cf3d68f-c636-4690-a1f6-cb0bfd6afa8e.ulg,16.0
unsatisfactory,1,3cf3d68f-c636-4690-a1f6-cb0bfd6afa8e.ulg,32.0
unsatisfactory,1,3cf3d68f-c636-4690-a1f6-cb0bfd6afa8e.ulg,48.0
unsatisfactory,1,3cf3d68f-c636-4690-a1f6-cb0bfd6afa8e.ulg,64.0
unsatisfactory,1,3cf3d68f-c636-4690-a1f6-cb0bfd6afa8e.ulg,80.0
unsatisfactory,1,3cf3d68f-c636-4690-a1f6-cb0bfd6afa8e.ulg,96.0
unsatisfactory,1,3cf3d68f-c636-4690-a1f6-cb0bfd6afa8e.ulg,112.0
unsatisfactory,1,3cf3d68f-c636-4690-a1f6-cb0bfd6afa8e.ulg,128.0
unsatisfactory,1,3cf3d68f-c636-4690-a1f6-cb0bfd6afa8e.ulg,144.0
unsatisfactory,1,3cf3d68f-c636-4690-a1f6-cb0bfd6afa8e.ulg,160.0
unsatisfactory,1,3cf3d68f-c636-4690-a1f6-cb0bfd6afa8e.ulg,176.0
unsatisfactory,1,3cf3d68f-c636-4690-a1f6-cb0bfd6afa8e.ulg,192.0
unsatisfactory,1,3cf3d68f-c636-4690-a1f6-cb0bfd6afa8e.ulg,208.0
unsatisfactory,1,3e0c4a83-ccc8-4d5d-82bb-50867a2f06fc.ulg,0.0
unsatisfactory,1,3fe4f6f2-3f2c-4876-9a76-acfc97896446.ulg,0.0
unsatisfactory,1,3fe4f6f2-3f2c-4876-9a76-acfc97896446.ulg,16.0
unsatisfactory,1,3fe4f6f2-3f2c-4876-9a76-acfc97896446.ulg,32.0
unsatisfactory,1,3fe4f6f2-3f2c-4876-9a76-acfc97896446.ulg,48.0
unsatisfactory,1,3fe4f6f2-3f2c-4876-9a76-acfc97896446.ulg,64.0
unsatisfactory,1,3fe4f6f2-3f2c-4876-9a76-acfc97896446.ulg,80.0
unsatisfactory,1,3fe4f6f2-3f2c-4876-9a76-acfc97896446.ulg,96.0
unsatisfactory,1,3fe4f6f2-3f2c-4876-9a76-acfc97896446.ulg,112.0
unsatisfactory,1,3fe4f6f2-3f2c-4876-9a76-acfc97896446.ulg,128.0
unsatisfactory,1,3fe4f6f2-3f2c-4876-9a76-acfc97896446.ulg,144.0
unsatisfactory,1,3fe4f6f2-3f2c-4876-9a76-acfc97896446.ulg,160.0
unsatisfactory,1,3fe4f6f2-3f2c-4876-9a76-acfc97896446.ulg,176.0
unsatisfactory,1,3fe4f6f2-3f2c-4876-9a76-acfc97896446.ulg,192.0
unsatisfactory,1,3fe4f6f2-3f2c-4876-9a76-acfc97896446.ulg,208.0
unsatisfactory,1,3fe4f6f2-3f2c-4876-9a76-acfc97896446.ulg,224.0
unsatisfactory,1,40fae43b-c0f9-4451-80a3-adb97f6e900e.ulg,0.0
unsatisfactory,1,40fae43b-c0f9-4451-80a3-adb97f6e900e.ulg,16.0
unsatisfactory,1,40fae43b-c0f9-4451-80a3-adb97f6e900e.ulg,32.0
unsatisfactory,1,4325afe2-cc70-4819-a521-5796cbbf4bae.ulg,0.0
unsatisfactory,1,4325afe2-cc70-4819-a521-5796cbbf4bae.ulg,16.0
unsatisfactory,1,447430c8-ecaa-4d6c-a6a1-7665bd5b2116.ulg,0.0
unsatisfactory,1,447430c8-ecaa-4d6c-a6a1-7665bd5b2116.ulg,16.0
unsatisfactory,1,457680cb-4e1e-4605-aa41-7c1ee1354782.ulg,0.0
unsatisfactory,1,457680cb-4e1e-4605-aa41-7c1ee1354782.ulg,16.0
unsatisfactory,1,457680cb-4e1e-4605-aa41-7c1ee1354782.ulg,32.0
unsatisfactory,1,4584d2c7-701d-4868-a834-6203c9845fda.ulg,0.0
unsatisfactory,1,4584d2c7-701d-4868-a834-6203c9845fda.ulg,16.0
unsatisfactory,1,4584d2c7-701d-4868-a834-6203c9845fda.ulg,32.0
unsatisfactory,1,47ac3434-7ae6-4098-a185-db044654c616.ulg,0.0
unsatisfactory,1,47ac3434-7ae6-4098-a185-db044654c616.ulg,16.0
unsatisfactory,1,47ac3434-7ae6-4098-a185-db044654c616.ulg,32.0
unsatisfactory,1,47ac3434-7ae6-4098-a185-db044654c616.ulg,48.0
unsatisfactory,1,47ac3434-7ae6-4098-a185-db044654c616.ulg,64.0
unsatisfactory,1,47ac3434-7ae6-4098-a185-db044654c616.ulg,80.0
unsatisfactory,1,47ac3434-7ae6-4098-a185-db044654c616.ulg,96.0
unsatisfactory,1,47ac3434-7ae6-4098-a185-db044654c616.ulg,112.0
unsatisfactory,1,47ac3434-7ae6-4098-a185-db044654c616.ulg,128.0
unsatisfactory,1,47ac3434-7ae6-4098-a185-db044654c616.ulg,144.0
unsatisfactory,1,47ac3434-7ae6-4098-a185-db044654c616.ulg,160.0
unsatisfactory,1,47ac3434-7ae6-4098-a185-db044654c616.ulg,176.0
unsatisfactory,1,47ac3434-7ae6-4098-a185-db044654c616.ulg,192.0
unsatisfactory,1,47ac3434-7ae6-4098-a185-db044654c616.ulg,208.0
unsatisfactory,1,47ac3434-7ae6-4098-a185-db044654c616.ulg,224.0
crash,2,047ef43d-5c31-4a29-8959-bc7bb5147d3e.ulg,0.0
crash,2,05206c31-4fb4-4f27-b4a5-8334dcbd94c8.ulg,0.0
crash,2,05206c31-4fb4-4f27-b4a5-8334dcbd94c8.ulg,16.0
crash,2,0630c142-5bc6-4662-9864-0bb23dc311ed.ulg,0.0
crash,2,0630c142-5bc6-4662-9864-0bb23dc311ed.ulg,16.0
crash,2,0630c142-5bc6-4662-9864-0bb23dc311ed.ulg,32.0
crash,2,0eb1ae9e-7095-48f5-8d83-0ac36092e0df.ulg,0.0
crash,2,0eb1ae9e-7095-48f5-8d83-0ac36092e0df.ulg,16.0
crash,2,0eb1ae9e-7095-48f5-8d83-0ac36092e0df.ulg,32.0
crash,2,0eb1ae9e-7095-48f5-8d83-0ac36092e0df.ulg,48.0
crash,2,15292d6f-9b1a-42f6-a6e3-2438292ee46c.ulg,0.0
crash,2,1f492f34-6be4-4131-88a9-58b7fc121bfe.ulg,0.0
crash,2,1f492f34-6be4-4131-88a9-58b7fc121bfe.ulg,16.0
crash,2,1f492f34-6be4-4131-88a9-58b7fc121bfe.ulg,32.0
crash,2,1f492f34-6be4-4131-88a9-58b7fc121bfe.ulg,48.0
crash,2,1f492f34-6be4-4131-88a9-58b7fc121bfe.ulg,64.0
crash,2,1f492f34-6be4-4131-88a9-58b7fc121bfe.ulg,80.0
crash,2,20a4948a-4325-4e62-bb7c-d39d866fb569.ulg,0.0
crash,2,20a4948a-4325-4e62-bb7c-d39d866fb569.ulg,16.0
crash,2,20a4948a-4325-4e62-bb7c-d39d866fb569.ulg,32.0
crash,2,20a4948a-4325-4e62-bb7c-d39d866fb569.ulg,48.0
crash,2,20a4948a-4325-4e62-bb7c-d39d866fb569.ulg,64.0
crash,2,20a4948a-4325-4e62-bb7c-d39d866fb569.ulg,80.0
crash,2,20a4948a-4325-4e62-bb7c-d39d866fb569.ulg,96.0
crash,2,20a4948a-4325-4e62-bb7c-d39d866fb569.ulg,112.0
crash,2,20a4948a-4325-4e62-bb7c-d39d866fb569.ulg,128.0
crash,2,24f78bdf-c061-4f5c-8080-c53dd26f5df7.ulg,0.0
crash,2,24f78bdf-c061-4f5c-8080-c53dd26f5df7.ulg,16.0
crash,2,24f78bdf-c061-4f5c-8080-c53dd26f5df7.ulg,32.0
crash,2,26042eeb-eea6-4335-99bd-4da163fa1869.ulg,0.0
crash,2,26042eeb-eea6-4335-99bd-4da163fa1869.ulg,16.0
crash,2,26042eeb-eea6-4335-99bd-4da163fa1869.ulg,32.0
crash,2,26042eeb-eea6-4335-99bd-4da163fa1869.ulg,48.0
crash,2,26042eeb-eea6-4335-99bd-4da163fa1869.ulg,64.0
crash,2,26042eeb-eea6-4335-99bd-4da163fa1869.ulg,80.0
crash,2,26042eeb-eea6-4335-99bd-4da163fa1869.ulg,96.0
crash,2,26042eeb-eea6-4335-99bd-4da163fa1869.ulg,112.0
crash,2,26042eeb-eea6-4335-99bd-4da163fa1869.ulg,128.0
crash,2,29215778-5755-4cc3-8bd8-5f5b35bd81b3.ulg,0.0
crash,2,29215778-5755-4cc3-8bd8-5f5b35bd81b3.ulg,16.0
crash,2,29215778-5755-4cc3-8bd8-5f5b35bd81b3.ulg,32.0
crash,2,29215778-5755-4cc3-8bd8-5f5b35bd81b3.ulg,48.0
crash,2,29215778-5755-4cc3-8bd8-5f5b35bd81b3.ulg,64.0
crash,2,29215778-5755-4cc3-8bd8-5f5b35bd81b3.ulg,80.0
crash,2,2d2597df-9764-4b58-8ef0-7d6ac5122c7d.ulg,0.0
crash,2,2d2597df-9764-4b58-8ef0-7d6ac5122c7d.ulg,16.0
crash,2,2d2597df-9764-4b58-8ef0-7d6ac5122c7d.ulg,32.0
crash,2,2edb4562-5bc7-482f-b7a6-f2efa47caa89.ulg,0.0
crash,2,2edb4562-5bc7-482f-b7a6-f2efa47caa89.ulg,16.0
crash,2,2edb4562-5bc7-482f-b7a6-f2efa47caa89.ulg,32.0
crash,2,2edb4562-5bc7-482f-b7a6-f2efa47caa89.ulg,48.0
crash,2,2edb4562-5bc7-482f-b7a6-f2efa47caa89.ulg,64.0
crash,2,2edb4562-5bc7-482f-b7a6-f2efa47caa89.ulg,80.0
crash,2,2edb4562-5bc7-482f-b7a6-f2efa47caa89.ulg,96.0
crash,2,2edb4562-5bc7-482f-b7a6-f2efa47caa89.ulg,112.0
crash,2,2edb4562-5bc7-482f-b7a6-f2efa47caa89.ulg,128.0
crash,2,2edb4562-5bc7-482f-b7a6-f2efa47caa89.ulg,144.0
crash,2,2edb4562-5bc7-482f-b7a6-f2efa47caa89.ulg,160.0
crash,2,2edb4562-5bc7-482f-b7a6-f2efa47caa89.ulg,176.0
crash,2,2edb4562-5bc7-482f-b7a6-f2efa47caa89.ulg,192.0
crash,2,2edb4562-5bc7-482f-b7a6-f2efa47caa89.ulg,208.0
crash,2,2edb4562-5bc7-482f-b7a6-f2efa47caa89.ulg,224.0
crash,2,3385261e-876c-4720-8b38-774a42f967bb.ulg,0.0
crash,2,3385261e-876c-4720-8b38-774a42f967bb.ulg,16.0
crash,2,3385261e-876c-4720-8b38-774a42f967bb.ulg,32.0
crash,2,33a47432-46c8-4cf5-ad8f-9ba3c1d05f03.ulg,0.0
crash,2,33a47432-46c8-4cf5-ad8f-9ba3c1d05f03.ulg,16.0
crash,2,33a47432-46c8-4cf5-ad8f-9ba3c1d05f03.ulg,32.0
crash,2,33a47432-46c8-4cf5-ad8f-9ba3c1d05f03.ulg,48.0
crash,2,33a47432-46c8-4cf5-ad8f-9ba3c1d05f03.ulg,64.0
crash,2,371fa7cc-1edd-46b9-b4f9-b6b451d4a29e.ulg,0.0
crash,2,3f88ea92-2814-4896-b51a-7052fd811352.ulg,0.0
crash,2,44b4e1f9-de39-4f4c-97cf-0cc668c6e2d6.ulg,0.0
crash,2,44b4e1f9-de39-4f4c-97cf-0cc668c6e2d6.ulg,16.0
crash,2,44b4e1f9-de39-4f4c-97cf-0cc668c6e2d6.ulg,32.0
crash,2,44b4e1f9-de39-4f4c-97cf-0cc668c6e2d6.ulg,48.0
crash,2,44b4e1f9-de39-4f4c-97cf-0cc668c6e2d6.ulg,64.0
crash,2,44b4e1f9-de39-4f4c-97cf-0cc668c6e2d6.ulg,80.0
crash,2,45884e3e-dc7a-406c-8133-748e25eb388b.ulg,0.0
crash,2,45884e3e-dc7a-406c-8133-748e25eb388b.ulg,16.0
crash,2,45884e3e-dc7a-406c-8133-748e25eb388b.ulg,32.0
crash,2,45884e3e-dc7a-406c-8133-748e25eb388b.ulg,48.0
crash,2,45884e3e-dc7a-406c-8133-748e25eb388b.ulg,64.0
crash,2,4ff9b093-1d1b-4762-ad3b-225331671015.ulg,0.0
crash,2,4ff9b093-1d1b-4762-ad3b-225331671015.ulg,16.0
crash,2,4ff9b093-1d1b-4762-ad3b-225331671015.ulg,32.0
crash,2,4ff9b093-1d1b-4762-ad3b-225331671015.ulg,48.0
crash,2,4ff9b093-1d1b-4762-ad3b-225331671015.ulg,64.0
crash,2,4ff9b093-1d1b-4762-ad3b-225331671015.ulg,80.0
crash,2,4ff9b093-1d1b-4762-ad3b-225331671015.ulg,96.0
crash,2,4ff9b093-1d1b-4762-ad3b-225331671015.ulg,112.0
crash,2,4ff9b093-1d1b-4762-ad3b-225331671015.ulg,128.0
crash,2,4ff9b093-1d1b-4762-ad3b-225331671015.ulg,144.0
crash,2,4ff9b093-1d1b-4762-ad3b-225331671015.ulg,160.0
crash,2,4ff9b093-1d1b-4762-ad3b-225331671015.ulg,176.0
crash,2,4ff9b093-1d1b-4762-ad3b-225331671015.ulg,192.0
crash,2,4ff9b093-1d1b-4762-ad3b-225331671015.ulg,208.0
crash,2,4ff9b093-1d1b-4762-ad3b-225331671015.ulg,224.0
crash,2,5084cff1-bc6c-429a-8764-3050de66eaed.ulg,0.0
crash,2,5084cff1-bc6c-429a-8764-3050de66eaed.ulg,16.0
crash,2,513aeff7-13c8-4456-9ce6-845f03ed83d0.ulg,0.0
crash,2,592793bd-a706-4f2d-a3d5-32c784b52313.ulg,0.0
crash,2,592793bd-a706-4f2d-a3d5-32c784b52313.ulg,16.0
crash,2,592793bd-a706-4f2d-a3d5-32c784b52313.ulg,32.0
crash,2,592793bd-a706-4f2d-a3d5-32c784b52313.ulg,48.0
crash,2,5ad48dec-aa03-4a65-bc9e-1dd82e60b1af.ulg,0.0
crash,2,5ad48dec-aa03-4a65-bc9e-1dd82e60b1af.ulg,16.0
crash,2,5ad48dec-aa03-4a65-bc9e-1dd82e60b1af.ulg,32.0
crash,2,5ad48dec-aa03-4a65-bc9e-1dd82e60b1af.ulg,48.0
crash,2,5ad48dec-aa03-4a65-bc9e-1dd82e60b1af.ulg,64.0
crash,2,5ad48dec-aa03-4a65-bc9e-1dd82e60b1af.ulg,80.0
crash,2,5ad48dec-aa03-4a65-bc9e-1dd82e60b1af.ulg,96.0
crash,2,5b7f1df3-48b2-4e7b-9394-b5eacaa79d10.ulg,0.0
crash,2,5b7f1df3-48b2-4e7b-9394-b5eacaa79d10.ulg,16.0
crash,2,5e40fb74-edf4-4084-bbbe-1818c36d1544.ulg,0.0
crash,2,5e40fb74-edf4-4084-bbbe-1818c36d1544.ulg,16.0
crash,2,5e40fb74-edf4-4084-bbbe-1818c36d1544.ulg,32.0
crash,2,5e40fb74-edf4-4084-bbbe-1818c36d1544.ulg,48.0
crash,2,5e40fb74-edf4-4084-bbbe-1818c36d1544.ulg,64.0
crash,2,5e40fb74-edf4-4084-bbbe-1818c36d1544.ulg,80.0
crash,2,5e40fb74-edf4-4084-bbbe-1818c36d1544.ulg,96.0
crash,2,5e40fb74-edf4-4084-bbbe-1818c36d1544.ulg,112.0
crash,2,5e40fb74-edf4-4084-bbbe-1818c36d1544.ulg,128.0
crash,2,5e40fb74-edf4-4084-bbbe-1818c36d1544.ulg,144.0
crash,2,626286e3-b54c-42ed-b3ef-c4f82899dd84.ulg,0.0
crash,2,626286e3-b54c-42ed-b3ef-c4f82899dd84.ulg,16.0
crash,2,626286e3-b54c-42ed-b3ef-c4f82899dd84.ulg,32.0
crash,2,62e7654f-c1dc-4a40-b30e-7e5ac48d55dc.ulg,0.0
crash,2,62e7654f-c1dc-4a40-b30e-7e5ac48d55dc.ulg,16.0
crash,2,62e7654f-c1dc-4a40-b30e-7e5ac48d55dc.ulg,32.0
crash,2,62e7654f-c1dc-4a40-b30e-7e5ac48d55dc.ulg,48.0
crash,2,64eae2fa-c906-478b-a426-3eeb59de307b.ulg,0.0
crash,2,64eae2fa-c906-478b-a426-3eeb59de307b.ulg,16.0
crash,2,674ac15c-dfb5-45fb-9b28-569734fc7261.ulg,0.0
crash,2,674ac15c-dfb5-45fb-9b28-569734fc7261.ulg,16.0
crash,2,69f75796-8aa9-47bf-988c-af3fccd6eaca.ulg,0.0
crash,2,69f75796-8aa9-47bf-988c-af3fccd6eaca.ulg,16.0
crash,2,69f75796-8aa9-47bf-988c-af3fccd6eaca.ulg,32.0
crash,2,69f75796-8aa9-47bf-988c-af3fccd6eaca.ulg,48.0
crash,2,6b949b90-26ec-4b34-ba07-cc196d50e999.ulg,0.0
crash,2,6b949b90-26ec-4b34-ba07-cc196d50e999.ulg,16.0
crash,2,6b949b90-26ec-4b34-ba07-cc196d50e999.ulg,32.0
crash,2,72156a14-d999-4935-99d5-8a22b945d3eb.ulg,0.0
crash,2,72156a14-d999-4935-99d5-8a22b945d3eb.ulg,16.0
crash,2,72156a14-d999-4935-99d5-8a22b945d3eb.ulg,32.0
crash,2,763359a0-d310-4c94-ac3d-3db16ac8652b.ulg,0.0
crash,2,763359a0-d310-4c94-ac3d-3db16ac8652b.ulg,16.0
crash,2,763359a0-d310-4c94-ac3d-3db16ac8652b.ulg,32.0
crash,2,763359a0-d310-4c94-ac3d-3db16ac8652b.ulg,48.0
crash,2,763359a0-d310-4c94-ac3d-3db16ac8652b.ulg,64.0
crash,2,763359a0-d310-4c94-ac3d-3db16ac8652b.ulg,80.0
crash,2,763359a0-d310-4c94-ac3d-3db16ac8652b.ulg,96.0
crash,2,763359a0-d310-4c94-ac3d-3db16ac8652b.ulg,112.0
crash,2,763359a0-d310-4c94-ac3d-3db16ac8652b.ulg,128.0
crash,2,763359a0-d310-4c94-ac3d-3db16ac8652b.ulg,144.0
crash,2,763359a0-d310-4c94-ac3d-3db16ac8652b.ulg,160.0
crash,2,763359a0-d310-4c94-ac3d-3db16ac8652b.ulg,176.0
crash,2,763359a0-d310-4c94-ac3d-3db16ac8652b.ulg,192.0
crash,2,763359a0-d310-4c94-ac3d-3db16ac8652b.ulg,208.0
crash,2,763359a0-d310-4c94-ac3d-3db16ac8652b.ulg,224.0
crash,2,76783479-0a39-4fe4-bdb1-6ad072d61630.ulg,0.0
crash,2,76783479-0a39-4fe4-bdb1-6ad072d61630.ulg,16.0
crash,2,76783479-0a39-4fe4-bdb1-6ad072d61630.ulg,32.0
crash,2,76783479-0a39-4fe4-bdb1-6ad072d61630.ulg,48.0
crash,2,76783479-0a39-4fe4-bdb1-6ad072d61630.ulg,64.0
crash,2,76783479-0a39-4fe4-bdb1-6ad072d61630.ulg,80.0
crash,2,76783479-0a39-4fe4-bdb1-6ad072d61630.ulg,96.0
crash,2,76783479-0a39-4fe4-bdb1-6ad072d61630.ulg,112.0
