label,file,parse_status,size_mb,duration_s,topic_count,useful_topics,has_battery,has_gps,has_local_position,has_attitude,has_acceleration,max_ground_speed_mps,mean_ground_speed_mps,max_vertical_speed_mps,max_accel_mps2,mean_accel_mps2,local_xy_span_m,battery_start_pct,battery_end_pct,battery_drop_pct,battery_drop_pct_per_min,mean_current_a,mean_voltage_v
normal_good,0004dbb9-c57b-442c-be97-3d24d722d5fa.ulg,ok,4.038,146.645,59,battery_status;sensor_combined;sensor_gps;vehicle_acceleration;vehicle_angular_velocity;vehicle_attitude;vehicle_global_position;vehicle_local_position;vehicle_status,1,1,1,1,1,4.612,0.197,2.992,13.311,9.805,13.692,70.0,70.0,0.0,0.0,10.0,16.0
normal_good,006b1399-5b55-4085-87a3-b08b39b6be1a.ulg,ok,7.089,248.957,66,battery_status;sensor_combined;sensor_gps;vehicle_acceleration;vehicle_angular_velocity;vehicle_attitude;vehicle_global_position;vehicle_local_position;vehicle_status,1,1,1,1,1,5.654,2.832,3.004,31.591,9.835,302.207,70.0,70.0,0.0,0.0,10.0,16.0
normal_good,01061f1b-a7c9-41cf-9ed2-65d31497608c.ulg,ok,7.969,231.274,51,battery_status;sensor_combined;vehicle_angular_velocity;vehicle_attitude;vehicle_global_position;vehicle_local_position;vehicle_status,1,1,1,1,0,0.989,0.303,1.579,,,6.047,100.0,100.0,0.0,0.0,9.146,16.091
normal_good,01f55399-84d2-497a-8ed5-9a92abc9ac73.ulg,ok,15.735,149.805,63,battery_status;sensor_combined;sensor_gps;vehicle_acceleration;vehicle_angular_velocity;vehicle_attitude;vehicle_global_position;vehicle_local_position;vehicle_status,1,1,1,1,1,1.054,0.173,0.454,52.124,9.897,4.046,0.0,0.0,0.0,0.0,-0.206,-0.302
normal_good,028f6c5f-058a-4fee-ae5f-0a0f8df24774.ulg,ok,5.923,62.005,69,battery_status;sensor_combined;sensor_gps;vehicle_acceleration;vehicle_angular_velocity;vehicle_attitude;vehicle_global_position;vehicle_local_position;vehicle_status,1,1,1,1,1,2.647,0.247,1.183,15.852,9.815,5.815,38.814,39.902,-1.088,-1.053,7.56,14.933
normal_good,03762a0f-e428-40e9-9483-a7d7f2036a4d.ulg,ok,1.081,35.12,76,battery_status;sensor_combined;sensor_gps;vehicle_acceleration;vehicle_angular_velocity;vehicle_attitude;vehicle_global_position;vehicle_local_position;vehicle_status,1,1,1,1,1,0.161,0.08,0.1,10.652,9.848,1.345,94.911,94.125,0.786,1.343,0.717,24.926
normal_good,03955d10-4d3d-4769-ba0d-e6b35cd58bae.ulg,ok,4.753,125.628,66,battery_status;sensor_combined;sensor_gps;vehicle_acceleration;vehicle_angular_velocity;vehicle_attitude;vehicle_global_position;vehicle_local_position;vehicle_status,1,1,1,1,1,33.6,7.447,11.243,38.446,10.954,285.08,100.0,62.092,37.908,18.105,45.182,20.394
normal_good,03c7415d-6d6a-4bdf-82be-fa427cc6c250.ulg,ok,14.04,117.042,65,battery_status;sensor_combined;vehicle_acceleration;vehicle_angular_velocity;vehicle_attitude;vehicle_local_position;vehicle_status,1,0,1,1,1,0.906,0.132,0.66,35.59,9.817,4.036,84.432,65.081,19.351,9.92,34.474,10.873
normal_good,03fe170e-c358-4387-bf79-6ad9b59cd249.ulg,ok,4.048,148.711,59,battery_status;sensor_combined;sensor_gps;vehicle_acceleration;vehicle_angular_velocity;vehicle_attitude;vehicle_global_position;vehicle_local_position;vehicle_status,1,1,1,1,1,4.736,0.217,2.996,14.805,9.809,15.248,70.0,70.0,0.0,0.0,10.0,16.0
normal_good,04e3635c-9bb4-4928-bf6e-67c9033d2156.ulg,ok,2.228,80.974,59,battery_status;sensor_combined;sensor_gps;vehicle_acceleration;vehicle_angular_velocity;vehicle_attitude;vehicle_global_position;vehicle_local_position;vehicle_status,1,1,1,1,1,1.96,0.167,0.998,12.832,9.8,5.24,70.0,70.0,0.0,0.0,10.0,16.0
normal_good,051424bd-71f9-4f50-a957-6ea82a85f52f.ulg,ok,5.976,45.262,65,battery_status;sensor_combined;vehicle_acceleration;vehicle_angular_velocity;vehicle_attitude;vehicle_local_position;vehicle_status,1,0,1,1,1,0.093,0.033,0.707,31.788,9.834,0.193,44.759,42.387,2.372,3.144,30.902,10.455
normal_good,05873753-2643-41c3-90da-4d8a5c4ec471.ulg,ok,20.998,78.952,78,battery_status;sensor_combined;sensor_gps;vehicle_acceleration;vehicle_angular_velocity;vehicle_attitude;vehicle_global_position;vehicle_local_position;vehicle_status,1,1,1,1,1,6.016,1.21,9.704,466.15,10.181,42.061,98.305,50.003,48.302,36.707,-1.0,15.457
normal_good,063d00e6-c184-4ee9-afe8-e863c65190f1.ulg,ok,0.24,9.043,58,battery_status;sensor_combined;vehicle_acceleration;vehicle_angular_velocity;vehicle_attitude;vehicle_local_position;vehicle_status,1,0,1,1,1,0.057,0.027,0.027,10.057,9.822,0.035,78.516,78.393,0.123,0.816,0.0,11.583
normal_good,06fe543d-8f9a-4249-8e95-b259790f9416.ulg,ok,0.457,14.227,53,battery_status;sensor_combined;sensor_gps;vehicle_acceleration;vehicle_angular_velocity;vehicle_attitude;vehicle_local_position;vehicle_status,1,1,1,1,1,1.303,0.378,0.773,43.396,11.143,2.286,87.021,60.758,26.263,110.76,78.337,14.29
normal_good,08c61181-845e-4e03-aa3b-5118b86a74ef.ulg,ok,0.263,48.155,26,battery_status;vehicle_attitude;vehicle_global_position;vehicle_local_position;vehicle_status,1,1,1,1,0,2.692,0.571,1.331,,,5.636,43.81,33.272,10.538,13.13,16.93,38.897
normal_good,08d55bb8-efdd-48d1-a6af-51a7e02d55fd.ulg,ok,0.665,259.122,57,battery_status;sensor_combined;vehicle_acceleration;vehicle_angular_velocity;vehicle_attitude;vehicle_local_position;vehicle_status,1,0,1,1,1,0.486,0.317,0.422,11.4,9.813,3.12,100.0,100.0,0.0,0.0,2.511,14.559
normal_good,0908ad2c-0c9a-4d63-af79-47e79d0b6532.ulg,ok,1.986,295.581,62,sensor_combined;vehicle_acceleration;vehicle_angular_velocity;vehicle_attitude;vehicle_local_position;vehicle_status,0,0,1,1,1,21.563,11.291,0.499,10.866,9.802,461.733,,,,,,
normal_good,09198e44-cb31-4ae7-bc4d-0fda82b7a621.ulg,ok,3.198,117.987,59,battery_status;sensor_combined;sensor_gps;vehicle_acceleration;vehicle_angular_velocity;vehicle_attitude;vehicle_global_position;vehicle_local_position;vehicle_status,1,1,1,1,1,3.674,0.204,2.312,13.088,9.805,10.221,70.0,70.0,0.0,0.0,10.0,16.0
normal_good,097548f2-157c-47b8-81bb-edf70a1470c1.ulg,ok,0.334,2.724,53,battery_status;sensor_combined;vehicle_acceleration;vehicle_angular_velocity;vehicle_attitude;vehicle_local_position;vehicle_status,1,0,1,1,1,0.165,0.11,0.268,12.226,9.64,0.106,62.469,62.304,0.165,3.634,2.892,11.36
normal_good,0b1a730d-147b-47e3-b25e-c56fe27dacf8.ulg,ok,13.188,374.676,76,battery_status;sensor_combined;sensor_gps;vehicle_acceleration;vehicle_angular_velocity;vehicle_attitude;vehicle_global_position;vehicle_local_position;vehicle_status,1,1,1,1,1,2.34,0.303,1.547,17.712,9.83,12.37,100.0,93.798,6.202,0.993,4.626,16.083
normal_good,0b7217d4-92e0-4479-bfb3-6b1b4422f249.ulg,ok,18.86,196.353,69,battery_status;sensor_combined;sensor_gps;vehicle_acceleration;vehicle_angular_velocity;vehicle_attitude;vehicle_global_position;vehicle_local_position;vehicle_status,1,1,1,1,1,2.39,0.288,1.898,14.193,9.823,18.698,76.176,61.167,15.009,4.586,7.597,15.535
normal_good,0bc1e835-ccd5-4b09-8992-184b6c42b456.ulg,ok,4.021,146.984,59,battery_status;sensor_combined;sensor_gps;vehicle_acceleration;vehicle_angular_velocity;vehicle_attitude;vehicle_global_position;vehicle_local_position;vehicle_status,1,1,1,1,1,4.135,0.168,2.996,14.706,9.808,11.482,70.0,70.0,0.0,0.0,10.0,16.0
normal_good,0c414652-31b5-41e7-acce-4da8a344b5cb.ulg,ok,0.655,42.892,59,battery_status;sensor_combined;sensor_gps;vehicle_acceleration;vehicle_angular_velocity;vehicle_attitude;vehicle_global_position;vehicle_local_position;vehicle_status,1,1,1,1,1,0.495,0.075,0.77,47.26,9.867,0.717,70.0,70.0,0.0,0.0,10.0,16.0
normal_good,0dac7351-9a78-45cf-bb5c-851458980c2f.ulg,ok,1.802,67.772,59,battery_status;sensor_combined;sensor_gps;vehicle_acceleration;vehicle_angular_velocity;vehicle_attitude;vehicle_global_position;vehicle_local_position;vehicle_status,1,1,1,1,1,2.45,0.176,1.312,16.52,9.812,5.007,70.0,70.0,0.0,0.0,10.0,16.0
normal_good,0de32cb0-a86a-4a44-b8c4-4c1a6b7146a1.ulg,ok,1.749,64.909,62,battery_status;sensor_combined;sensor_gps;vehicle_acceleration;vehicle_angular_velocity;vehicle_attitude;vehicle_global_position;vehicle_local_position;vehicle_status,1,1,1,1,1,0.045,0.017,1.465,39.357,9.81,0.136,70.0,70.0,0.0,0.0,10.0,16.0
normal_good,0ec04a15-ed3d-48c1-942d-77411802d359.ulg,ok,1.447,54.988,59,battery_status;sensor_combined;sensor_gps;vehicle_acceleration;vehicle_angular_velocity;vehicle_attitude;vehicle_global_position;vehicle_local_position;vehicle_status,1,1,1,1,1,1.586,0.127,1.022,41.373,9.827,3.043,70.0,70.0,0.0,0.0,10.0,16.0
normal_good,0f965ea9-a707-422d-b740-6efbcf830e99.ulg,ok,0.372,871.014,70,battery_status;sensor_combined;sensor_gps;vehicle_acceleration;vehicle_angular_velocity;vehicle_attitude;vehicle_global_position;vehicle_local_position;vehicle_status,1,1,1,1,1,0.004,0.002,0.002,9.852,9.804,0.003,98.654,98.364,0.29,0.02,0.0,25.108
normal_good,108e5729-67b7-4d93-ae8e-ff0f5df5a63c.ulg,ok,7.07,231.162,62,battery_status;sensor_combined;sensor_gps;vehicle_acceleration;vehicle_angular_velocity;vehicle_attitude;vehicle_global_position;vehicle_local_position;vehicle_status,1,1,1,1,1,0.042,0.033,0.077,10.017,9.809,0.244,100.0,100.0,0.0,0.0,0.207,0.249
normal_good,11a91b74-fbcb-4c7e-90db-a17bc33be3f2.ulg,ok,2.816,35.795,63,battery_status;sensor_combined;sensor_gps;vehicle_acceleration;vehicle_angular_velocity;vehicle_attitude;vehicle_global_position;vehicle_local_position;vehicle_status,1,1,1,1,1,4.837,1.179,1.187,18.174,10.572,19.189,57.29,46.163,11.127,18.651,0.063,14.554
normal_good,12422bd9-803c-4338-be59-54c840a142e6.ulg,ok,13.185,89.676,72,battery_status;sensor_combined;sensor_gps;vehicle_acceleration;vehicle_angular_velocity;vehicle_attitude;vehicle_global_position;vehicle_local_position;vehicle_status,1,1,1,1,1,1.671,0.616,4.377,58.738,9.837,5.196,100.0,77.691,22.309,14.926,-1.0,15.515
normal_good,13b49ba9-33a6-4354-b7f0-151ea12a8829.ulg,ok,2.036,72.977,59,battery_status;sensor_combined;sensor_gps;vehicle_acceleration;vehicle_angular_velocity;vehicle_attitude;vehicle_global_position;vehicle_local_position;vehicle_status,1,1,1,1,1,1.537,0.148,1.022,45.954,9.826,4.241,70.0,70.0,0.0,0.0,10.0,16.0
normal_good,13d1f0b9-85a4-41f2-a347-5ad8efe44088.ulg,ok,4.713,125.552,68,battery_status;sensor_combined;sensor_gps;vehicle_acceleration;vehicle_angular_velocity;vehicle_attitude;vehicle_global_position;vehicle_local_position;vehicle_status,1,1,1,1,1,0.519,0.065,0.752,14.895,9.952,0.958,100.0,100.0,0.0,0.0,0.174,16.436
normal_good,15ce6e15-c49c-4a3e-b259-304b037ea52e.ulg,ok,11.424,422.325,61,battery_status;sensor_combined;sensor_gps;vehicle_acceleration;vehicle_angular_velocity;vehicle_attitude;vehicle_global_position;vehicle_local_position;vehicle_status,1,1,1,1,1,4.766,0.189,2.997,52.17,9.811,37.261,70.0,70.0,0.0,0.0,10.0,16.0
normal_good,164765f1-28ff-460b-bc45-1e53a7154cce.ulg,ok,3.973,147.98,59,battery_status;sensor_combined;sensor_gps;vehicle_acceleration;vehicle_angular_velocity;vehicle_attitude;vehicle_global_position;vehicle_local_position;vehicle_status,1,1,1,1,1,4.707,0.205,2.994,13.42,9.806,14.295,70.0,70.0,0.0,0.0,10.0,16.0
normal_good,17cae1f0-5f76-4ad5-830a-332ba7e92ec6.ulg,ok,2.669,98.876,59,battery_status;sensor_combined;sensor_gps;vehicle_acceleration;vehicle_angular_velocity;vehicle_attitude;vehicle_global_position;vehicle_local_position;vehicle_status,1,1,1,1,1,3.011,0.184,1.712,43.478,9.822,7.188,70.0,70.0,0.0,0.0,10.0,16.0
normal_good,17d835ff-17c9-49c2-8600-0f7b590d1cbf.ulg,ok,3.47,31.991,62,battery_status;sensor_combined;vehicle_acceleration;vehicle_angular_velocity;vehicle_attitude;vehicle_local_position;vehicle_status,1,0,1,1,1,0.174,0.054,0.711,33.815,9.861,0.397,49.874,46.726,3.148,5.904,27.017,10.559
normal_good,189c72b8-9bed-44d5-aa6d-aeab5b003024.ulg,ok,0.284,9.914,55,battery_status;sensor_combined;sensor_gps;vehicle_acceleration;vehicle_angular_velocity;vehicle_attitude;vehicle_global_position;vehicle_local_position;vehicle_status,1,1,1,1,1,0.032,0.017,0.03,9.955,9.802,0.047,70.0,70.0,0.0,0.0,10.0,16.0
normal_good,18a8d802-56f2-471a-afe7-84a2dc73406a.ulg,ok,0.167,15.061,65,battery_status;sensor_combined;sensor_gps;vehicle_acceleration;vehicle_angular_velocity;vehicle_attitude;vehicle_local_position;vehicle_status,1,1,1,1,1,0.003,0.002,0.006,9.853,9.813,0.001,97.34,97.353,-0.013,-0.052,0.0,25.094
normal_good,19960f9c-0917-4512-ac89-4c03f7f2fc47.ulg,ok,4.008,147.978,59,battery_status;sensor_combined;sensor_gps;vehicle_acceleration;vehicle_angular_velocity;vehicle_attitude;vehicle_global_position;vehicle_local_position;vehicle_status,1,1,1,1,1,4.109,0.17,2.992,13.37,9.801,11.319,70.0,70.0,0.0,0.0,10.0,16.0
normal_good,199fde5b-c3db-4e5d-97c4-6967f0e846b7.ulg,ok,0.784,37.28,60,battery_status;sensor_combined;sensor_gps;vehicle_acceleration;vehicle_angular_velocity;vehicle_attitude;vehicle_global_position;vehicle_local_position;vehicle_status,1,1,1,1,1,2.643,0.943,0.209,12.342,9.886,8.638,100.0,100.0,0.0,0.0,0.034,10.557
normal_good,19d2c29d-d007-4c0a-ac01-945ac06efd22.ulg,ok,7.64,122.528,63,battery_status;sensor_combined;vehicle_acceleration;vehicle_angular_velocity;vehicle_attitude;vehicle_local_position;vehicle_status,1,0,1,1,1,2.146,0.498,2.176,95.938,9.966,14.082,78.931,67.052,11.879,5.817,33.465,10.766
normal_good,19d2fb7c-dce5-4e9f-b93c-3bad0dd46fae.ulg,ok,1.051,39.951,58,battery_status;sensor_combined;sensor_gps;vehicle_acceleration;vehicle_angular_velocity;vehicle_attitude;vehicle_global_position;vehicle_local_position;vehicle_status,1,1,1,1,1,0.127,0.02,0.97,12.901,9.786,0.309,70.0,70.0,0.0,0.0,10.0,16.0
normal_good,1aee205d-135e-48a2-a766-fb0c4cc99448.ulg,ok,0.376,71.71,25,battery_status;vehicle_attitude;vehicle_global_position;vehicle_local_position;vehicle_status,1,1,1,1,0,4.231,0.938,3.903,,,19.562,37.741,28.616,9.125,7.635,19.691,37.178
normal_good,1c374699-3f80-494e-906d-063f2b405b08.ulg,ok,4.369,125.792,69,battery_status;sensor_combined;sensor_gps;vehicle_acceleration;vehicle_angular_velocity;vehicle_attitude;vehicle_global_position;vehicle_local_position;vehicle_status,1,1,1,1,1,17.328,5.582,5.916,25.156,9.99,255.336,83.646,48.916,34.73,16.565,35.188,20.049
normal_good,1c3f21b5-1b69-4117-8032-b970050abc66.ulg,ok,1.59,58.987,59,battery_status;sensor_combined;sensor_gps;vehicle_acceleration;vehicle_angular_velocity;vehicle_attitude;vehicle_global_position;vehicle_local_position;vehicle_status,1,1,1,1,1,1.64,0.127,1.223,46.007,9.834,3.018,70.0,70.0,0.0,0.0,10.0,16.0
normal_good,1cefcbb2-e22c-45bb-b5ef-99ebb0fa88f4.ulg,ok,1.484,25.397,59,battery_status;sensor_combined;vehicle_acceleration;vehicle_angular_velocity;vehicle_attitude;vehicle_local_position;vehicle_status,1,0,1,1,1,0.097,0.044,0.085,11.308,9.849,0.212,45.366,44.716,0.65,1.536,1.799,15.566
normal_good,1d393162-68f4-478b-bd01-c0cb6e3944b3.ulg,ok,0.577,504.757,61,battery_status;sensor_combined;sensor_gps;vehicle_acceleration;vehicle_angular_velocity;vehicle_attitude;vehicle_local_position;vehicle_status,1,1,1,1,1,0.034,0.014,0.114,10.002,9.803,0.054,94.862,94.586,0.276,0.033,4.504,24.772
normal_good,1d3a18d4-3c9f-4e49-9b96-2b330fe6a21b.ulg,ok,1.986,72.961,59,battery_status;sensor_combined;sensor_gps;vehicle_acceleration;vehicle_angular_velocity;vehicle_attitude;vehicle_global_position;vehicle_local_position;vehicle_status,1,1,1,1,1,2.728,0.188,1.67,30.853,9.821,6.243,70.0,70.0,0.0,0.0,10.0,16.0
normal_good,1f6cfcb0-1e3d-4219-8bc0-e907f46fb93f.ulg,ok,12.515,441.968,66,battery_status;sensor_combined;sensor_gps;vehicle_acceleration;vehicle_angular_velocity;vehicle_attitude;vehicle_global_position;vehicle_local_position;vehicle_status,1,1,1,1,1,5.378,1.177,3.005,25.034,9.818,213.035,70.0,70.0,0.0,0.0,10.0,16.0
normal_good,1f9856e0-2a8a-4946-9fcf-ffae28be94a4.ulg,ok,3.186,185.215,63,battery_status;sensor_combined;vehicle_acceleration;vehicle_angular_velocity;vehicle_attitude;vehicle_local_position;vehicle_status,1,0,1,1,1,0.535,0.152,0.704,21.718,9.852,1.188,43.418,42.652,0.766,0.248,23.786,10.659
unsatisfactory,009441e0-ccf0-4682-8a71-37102de8d856.ulg,ok,19.663,163.896,70,battery_status;sensor_combined;sensor_gps;vehicle_acceleration;vehicle_angular_velocity;vehicle_attitude;vehicle_global_position;vehicle_local_position;vehicle_status,1,1,1,1,1,5.233,1.597,3.022,12.338,9.845,73.34,100.0,78.131,21.869,8.006,-1.0,15.449
unsatisfactory,01283784-2497-48e2-9a79-e1f7473c0df3.ulg,ok,6.83,731.592,70,battery_status;sensor_combined;sensor_gps;vehicle_acceleration;vehicle_angular_velocity;vehicle_attitude;vehicle_global_position;vehicle_local_position;vehicle_status,1,1,1,1,1,0.975,0.144,0.815,16.174,9.833,4.654,85.05,45.494,39.556,3.244,18.954,15.394
unsatisfactory,01bfce2f-2418-4ee7-a51d-478061267f93.ulg,ok,3.973,131.885,74,battery_status;sensor_combined;sensor_gps;vehicle_acceleration;vehicle_angular_velocity;vehicle_attitude;vehicle_global_position;vehicle_local_position;vehicle_status,1,1,1,1,1,0.9,0.066,0.879,47.71,9.962,0.581,82.785,74.382,8.403,3.823,0.004,42.486
unsatisfactory,03ea6e04-2618-45dc-ac82-4f20dd6f7c91.ulg,ok,3.898,1053.305,31,battery_status;sensor_combined;vehicle_attitude;vehicle_global_position;vehicle_local_position;vehicle_status,1,1,1,1,0,1.458,0.274,2.784,,,4.202,100.0,100.0,0.0,0.0,-1.0,0.0
unsatisfactory,046f1af9-36cd-416d-abc6-e04799b59b6c.ulg,ok,1.071,343.108,62,battery_status;sensor_combined;sensor_gps;vehicle_acceleration;vehicle_angular_velocity;vehicle_attitude;vehicle_global_position;vehicle_local_position;vehicle_status,1,1,1,1,1,1.809,0.432,3.036,39.027,12.274,4.148,50.783,10.928,39.855,6.97,46.914,13.733
unsatisfactory,05ce4a45-891a-4ee7-91cd-da48aad1e596.ulg,ok,0.346,23.077,30,battery_status;sensor_combined;vehicle_angular_velocity;vehicle_attitude;vehicle_local_position;vehicle_status,1,0,1,1,0,0.035,0.015,0.036,,,0.0,100.0,100.0,0.0,0.0,0.0,16.255
unsatisfactory,087a205e-bba8-47fd-8f18-ebefd8ba4b7e.ulg,ok,6.439,575.452,71,battery_status;sensor_combined;sensor_gps;vehicle_acceleration;vehicle_angular_velocity;vehicle_attitude;vehicle_global_position;vehicle_local_position;vehicle_status,1,1,1,1,1,0.888,0.136,0.899,34.218,9.828,7.054,80.993,45.714,35.279,3.678,18.585,15.418
unsatisfactory,0b501880-b37b-4c72-9492-bca922a010d0.ulg,ok,0.802,29.348,48,battery_status;sensor_combined;vehicle_angular_velocity;vehicle_attitude;vehicle_global_position;vehicle_local_position;vehicle_status,1,1,1,1,0,0.678,0.228,1.745,,,2.481,73.447,68.935,4.512,9.224,19.534,15.479
unsatisfactory,0c236820-f7a5-4e86-8cf2-85e0665af6c8.ulg,ok,1.448,42.946,31,battery_status;sensor_combined;vehicle_angular_velocity;vehicle_attitude;vehicle_global_position;vehicle_local_position;vehicle_status,1,1,1,1,0,2.087,0.237,1.395,,,4.32,79.738,78.18,1.558,2.177,12.734,16.123
unsatisfactory,0cca3360-e83a-4ccb-b3ae-72b3d860f228.ulg,ok,0.351,108.224,29,battery_status;sensor_combined;vehicle_attitude;vehicle_global_position;vehicle_local_position;vehicle_status,1,1,1,1,0,0.882,0.156,3.125,,,0.578,100.0,100.0,0.0,0.0,-1.0,0.0
unsatisfactory,0fb584d4-2b83-4738-9516-76c80ffb0800.ulg,ok,7.094,373.292,44,battery_status;sensor_combined;vehicle_angular_velocity;vehicle_attitude;vehicle_local_position;vehicle_status,1,0,1,1,0,0.533,0.024,0.282,,,0.0,100.0,100.0,0.0,0.0,-1.0,0.0
unsatisfactory,10a18ad4-dd80-474c-806f-15fd2fd0758e.ulg,ok,2.061,84.739,44,battery_status;sensor_combined;vehicle_angular_velocity;vehicle_attitude;vehicle_global_position;vehicle_local_position;vehicle_status,1,1,1,1,0,4.128,1.287,5.2,,,44.794,81.019,67.439,13.58,9.615,,15.116
unsatisfactory,128ee649-1a33-4340-a8e4-5bf3294e8d70.ulg,ok,2.249,63.959,52,battery_status;sensor_combined;vehicle_angular_velocity;vehicle_attitude;vehicle_global_position;vehicle_local_position;vehicle_status,1,1,1,1,0,0.4,0.072,2.917,,,0.837,100.0,100.0,0.0,0.0,-1.0,0.0
unsatisfactory,12fae489-194f-463f-a71c-eea4371e4fa6.ulg,ok,0.468,16.983,48,battery_status;sensor_combined;vehicle_angular_velocity;vehicle_attitude;vehicle_local_position;vehicle_status,1,0,1,1,0,0.284,0.102,0.968,,,0.075,100.0,100.0,0.0,0.0,4.656,11.857
unsatisfactory,1457fd42-ffe4-4257-914e-2d1a2be3748e.ulg,ok,0.426,2.353,27,battery_status;sensor_combined;vehicle_angular_velocity;vehicle_attitude;vehicle_local_position;vehicle_status,1,0,1,1,0,0.005,0.003,0.015,,,0.0,100.0,100.0,0.0,0.0,-1.0,0.0
unsatisfactory,172d5876-6522-4467-93f7-10bad4d95e44.ulg,ok,0.767,36.555,49,battery_status;sensor_combined;vehicle_acceleration;vehicle_angular_velocity;vehicle_attitude;vehicle_local_position;vehicle_status,1,0,1,1,1,2.392,1.282,1.256,19.163,10.568,11.373,100.0,100.0,0.0,0.0,0.029,10.45
unsatisfactory,1888607a-ea44-4d3a-8b16-45ce501267cb.ulg,ok,20.183,197.217,66,battery_status;sensor_combined;vehicle_acceleration;vehicle_angular_velocity;vehicle_attitude;vehicle_local_position;vehicle_status,1,0,1,1,1,0.555,0.138,0.397,15.897,9.797,3.509,99.988,73.312,26.676,8.116,29.998,15.154
unsatisfactory,1bf7a352-97bf-4f64-9bcc-097a1db283c2.ulg,ok,2.308,414.657,58,battery_status;sensor_combined;vehicle_acceleration;vehicle_angular_velocity;vehicle_attitude;vehicle_local_position;vehicle_status,1,0,1,1,1,0.843,0.219,1.383,17.133,9.916,1.617,100.0,100.0,0.0,0.0,0.025,0.018
unsatisfactory,1d419e4d-82ae-4e97-a8a7-d7f1e88f85b3.ulg,ok,1.89,53.508,52,battery_status;sensor_combined;vehicle_angular_velocity;vehicle_attitude;vehicle_global_position;vehicle_local_position;vehicle_status,1,1,1,1,0,0.395,0.064,2.931,,,0.714,100.0,100.0,0.0,0.0,-1.0,0.0
unsatisfactory,1d652f6e-e128-4a6b-a2a2-f4c4a74093b5.ulg,ok,6.841,612.601,67,battery_status;sensor_combined;vehicle_acceleration;vehicle_angular_velocity;vehicle_attitude;vehicle_local_position;vehicle_status,1,0,1,1,1,3.348,0.145,2.929,121.599,9.879,1.3836174437541478e+18,100.0,89.54,10.46,1.024,13.19,15.54
unsatisfactory,1ede8f70-3d61-46e5-b703-67c6b4735e01.ulg,ok,2.014,34.756,33,battery_status;sensor_combined;vehicle_angular_velocity;vehicle_attitude;vehicle_local_position;vehicle_status,1,0,1,1,0,0.446,0.068,0.839,,,0.535,99.998,72.747,27.251,47.044,-1.0,11.719
unsatisfactory,1eef3e90-92b2-4684-b46a-16e2d68074e6.ulg,ok,1.334,10.683,57,battery_status;sensor_combined;vehicle_acceleration;vehicle_angular_velocity;vehicle_attitude;vehicle_local_position;vehicle_status,1,0,1,1,1,0.219,0.076,0.807,23.169,10.1,0.342,100.0,93.432,6.568,36.889,31.543,15.628
unsatisfactory,1f448527-5c34-4906-9f64-f2566b4233a4.ulg,ok,17.577,808.093,47,battery_status;sensor_combined;vehicle_angular_velocity;vehicle_attitude;vehicle_global_position;vehicle_local_position;vehicle_status,1,1,1,1,0,19.655,5.626,4.062,,,346.847,100.0,49.532,50.468,3.747,0.026,11.491
unsatisfactory,207c6f14-a9db-40e0-8550-1b09185b90d8.ulg,ok,0.758,38.831,47,battery_status;sensor_combined;vehicle_acceleration;vehicle_angular_velocity;vehicle_attitude;vehicle_local_position;vehicle_status,1,0,1,1,1,8.072,3.227,2.578,122.256,10.146,28.14,0.0,0.0,0.0,0.0,-0.204,-0.302
unsatisfactory,216a2be0-6655-4a49-a462-f7b03d68e036.ulg,ok,2.644,70.403,37,battery_status;sensor_combined;vehicle_angular_velocity;vehicle_attitude;vehicle_local_position;vehicle_status,1,0,1,1,0,0.325,0.123,1.175,,,0.0,100.0,100.0,0.0,0.0,-1.0,0.0
unsatisfactory,21c31537-35b3-4317-bb7a-9dfee901ca11.ulg,ok,6.737,217.848,61,battery_status;sensor_combined;sensor_gps;vehicle_acceleration;vehicle_angular_velocity;vehicle_attitude;vehicle_global_position;vehicle_local_position;vehicle_status,1,1,1,1,1,1.961,0.499,1.564,23.693,9.97,18.198,100.0,94.176,5.824,1.604,7.673,24.008
unsatisfactory,22dea0df-8f26-40e1-9a80-d47a8cebafb3.ulg,ok,7.814,81.366,70,battery_status;sensor_combined;vehicle_acceleration;vehicle_angular_velocity;vehicle_attitude;vehicle_local_position;vehicle_status,1,0,1,1,1,0.738,0.115,3.84,57.218,9.903,3.306,78.37,70.117,8.253,6.086,27.804,14.647
unsatisfactory,26cbd971-6214-4dc2-bbf0-fb07f50c06da.ulg,ok,23.729,851.939,50,battery_status;sensor_combined;vehicle_angular_velocity;vehicle_attitude;vehicle_global_position;vehicle_local_position;vehicle_status,1,1,1,1,0,18.365,6.021,5.071,,,402.419,100.0,31.38,68.62,4.833,0.0,11.159
unsatisfactory,271df769-7d58-49a4-8ceb-a7e6736064f8.ulg,ok,2.808,111.618,49,battery_status;sensor_combined;vehicle_acceleration;vehicle_angular_velocity;vehicle_attitude;vehicle_local_position;vehicle_status,1,0,1,1,1,0.033,0.011,0.028,9.951,9.808,0.0,100.0,100.0,0.0,0.0,-0.718,1.552
unsatisfactory,277220e0-b246-4775-ac4c-2bdae9a6a4d1.ulg,ok,9.759,319.746,66,battery_status;sensor_combined;vehicle_acceleration;vehicle_angular_velocity;vehicle_attitude;vehicle_local_position;vehicle_status,1,0,1,1,1,0.812,0.196,0.366,22.996,9.812,2.855,99.98,90.356,9.624,1.806,25.561,15.483
unsatisfactory,2990cd6a-8d83-4683-8183-ac789d800f70.ulg,ok,1.981,620.473,41,battery_status;sensor_combined;vehicle_angular_velocity;vehicle_attitude;vehicle_local_position;vehicle_status,1,0,1,1,0,1.628,0.569,2.561,,,0.0,100.0,100.0,0.0,0.0,-1.0,0.0
unsatisfactory,29b9c18f-c33d-4435-819e-79d47ec7e9f8.ulg,ok,5.327,205.977,65,battery_status;sensor_combined;sensor_gps;vehicle_acceleration;vehicle_angular_velocity;vehicle_attitude;vehicle_global_position;vehicle_local_position;vehicle_status,1,1,1,1,1,3.128,0.492,1.55,44.75,10.231,10.595,56.972,57.995,-1.023,-0.298,0.588,11.72
unsatisfactory,29cd5aea-ce30-44d2-9e47-ba03c36b8705.ulg,ok,5.198,215.519,44,battery_status;sensor_combined;vehicle_angular_velocity;vehicle_attitude;vehicle_global_position;vehicle_local_position;vehicle_status,1,1,1,1,0,5.177,3.291,3.243,,,164.524,90.954,66.703,24.251,6.751,48.352,10.809
unsatisfactory,2ac9711e-4f7a-4323-bd0d-e2a5499b7961.ulg,ok,12.096,206.632,63,battery_status;sensor_combined;vehicle_acceleration;vehicle_angular_velocity;vehicle_attitude;vehicle_local_position;vehicle_status,1,0,1,1,1,0.183,0.054,0.749,26.911,9.806,0.503,61.71,49.393,12.317,3.577,32.505,10.533
unsatisfactory,2b9b6f22-9ea9-4384-ad92-a77e05a1a33b.ulg,ok,1.998,64.004,48,battery_status;sensor_combined;vehicle_angular_velocity;vehicle_attitude;vehicle_global_position;vehicle_local_position;vehicle_status,1,1,1,1,0,1.217,0.407,2.306,,,7.728,100.0,100.0,0.0,0.0,-1.0,0.0
unsatisfactory,2bb9094a-7766-4ce2-a8bc-c001d93b9f0c.ulg,ok,38.902,396.342,73,battery_status;sensor_combined;sensor_gps;vehicle_acceleration;vehicle_angular_velocity;vehicle_attitude;vehicle_global_position;vehicle_local_position;vehicle_status,1,1,1,1,1,2.931,0.154,1.06,14.142,9.903,10.958,98.733,59.899,38.834,5.879,12.487,22.487
unsatisfactory,2c21a087-7159-4e2d-b0f0-3cae9812ea47.ulg,ok,7.728,336.007,70,battery_status;sensor_combined;sensor_gps;vehicle_acceleration;vehicle_angular_velocity;vehicle_attitude;vehicle_global_position;vehicle_local_position;vehicle_status,1,1,1,1,1,2.556,0.43,3.045,20.469,9.842,11.623,100.0,80.361,19.639,3.507,11.305,15.518
unsatisfactory,2e9fc171-88e3-42db-a7c1-a47c0665f851.ulg,ok,3.201,95.882,63,battery_status;sensor_combined;vehicle_acceleration;vehicle_angular_velocity;vehicle_attitude;vehicle_local_position;vehicle_status,1,0,1,1,1,0.137,0.043,0.901,17.582,9.845,0.343,61.592,58.919,2.673,1.673,25.997,10.859
unsatisfactory,2ee744c4-0266-478b-a117-f8d7f1fec15c.ulg,ok,2.851,80.332,52,battery_status;sensor_combined;vehicle_angular_velocity;vehicle_attitude;vehicle_global_position;vehicle_local_position;vehicle_status,1,1,1,1,0,1.787,0.079,2.888,,,2.124,100.0,100.0,0.0,0.0,-1.0,0.0
unsatisfactory,2f66f2fc-ff74-4298-ab12-7e35b88ac701.ulg,ok,0.278,64.864,65,battery_status;sensor_combined;sensor_gps;vehicle_acceleration;vehicle_angular_velocity;vehicle_attitude;vehicle_global_position;vehicle_local_position;vehicle_status,1,1,1,1,1,0.023,0.015,0.021,10.117,9.821,0.082,78.194,78.824,-0.63,-0.583,1.413,16.085
unsatisfactory,2f74b9df-4d1c-4a88-b6bb-b65ad5cab486.ulg,ok,6.083,79.499,69,battery_status;sensor_combined;vehicle_acceleration;vehicle_angular_velocity;vehicle_attitude;vehicle_local_position;vehicle_status,1,0,1,1,1,0.29,0.093,3.53,43.697,9.809,1.024,99.992,91.487,8.505,6.419,29.643,11.363
unsatisfactory,30a74e2c-4f1d-4ea9-9bb7-a263b04e82f6.ulg,ok,4.673,139.639,33,battery_status;sensor_combined;vehicle_angular_velocity;vehicle_attitude;vehicle_global_position;vehicle_local_position;vehicle_status,1,1,1,1,0,4.506,1.159,2.337,,,9.837,100.0,100.0,0.0,0.0,-1.0,0.0
unsatisfactory,318297e6-50a7-4c79-aadf-4d78262ba2cf.ulg,ok,7.922,129.359,69,battery_status;sensor_combined;vehicle_acceleration;vehicle_angular_velocity;vehicle_attitude;vehicle_local_position;vehicle_status,1,0,1,1,1,0.477,0.111,0.596,18.711,9.844,1.106,42.547,42.204,0.343,0.159,31.314,13.99
unsatisfactory,3201c36e-d109-484b-99d3-473b489cfce0.ulg,ok,0.852,196.153,66,battery_status;sensor_combined;sensor_gps;vehicle_acceleration;vehicle_angular_velocity;vehicle_attitude;vehicle_local_position;vehicle_status,1,1,1,1,1,0.065,0.01,0.026,10.34,9.787,0.114,100.0,91.857,8.143,2.491,5.762,16.16
unsatisfactory,34227b66-6d28-4cd4-bc31-b211ac5967f3.ulg,ok,2.713,78.013,58,battery_status;sensor_combined;vehicle_acceleration;vehicle_angular_velocity;vehicle_attitude;vehicle_local_position;vehicle_status,1,0,1,1,1,1.832,0.464,0.988,28.718,9.901,4.635,85.576,79.944,5.632,4.332,8.222,15.887
unsatisfactory,3852b054-512e-4576-b88c-31a6a4bf5ecd.ulg,ok,2.629,76.961,30,battery_status;sensor_combined;vehicle_attitude;vehicle_global_position;vehicle_local_position;vehicle_status,1,1,1,1,0,3.687,0.394,3.702,,,7.267,100.0,100.0,0.0,0.0,-1.0,0.0
unsatisfactory,38d23b64-b19f-40ab-9487-88f64dd5ba3b.ulg,ok,1.413,53.41,48,battery_status;sensor_combined;vehicle_angular_velocity;vehicle_attitude;vehicle_global_position;vehicle_local_position;vehicle_status,1,1,1,1,0,0.644,0.117,0.692,,,0.932,56.351,46.863,9.488,10.659,13.476,22.108
unsatisfactory,3c16380f-9f06-4716-b70a-e7d64b39c6c7.ulg,ok,5.494,58.995,28,battery_status;sensor_combined;vehicle_angular_velocity;vehicle_attitude;vehicle_local_position;vehicle_status,1,0,1,1,0,0.857,0.283,1.393,,,0.0,100.0,100.0,0.0,0.0,-1.0,0.0
unsatisfactory,3cf3d68f-c636-4690-a1f6-cb0bfd6afa8e.ulg,ok,8.625,254.488,27,battery_status;sensor_combined;vehicle_attitude;vehicle_local_position;vehicle_status,1,0,1,1,0,1.522,0.065,1.32,,,0.838,70.968,70.944,0.024,0.006,0.759,23.496
unsatisfactory,3dac5de8-ee4e-4287-881a-181fa529fbe7.ulg,ok,0.198,63.844,66,battery_status;sensor_combined;sensor_gps;vehicle_acceleration;vehicle_angular_velocity;vehicle_attitude;vehicle_global_position;vehicle_local_position;vehicle_status,1,1,1,1,1,0.073,0.036,0.034,10.013,9.812,0.057,86.018,91.926,-5.908,-5.552,0.741,15.85
crash,047ef43d-5c31-4a29-8959-bc7bb5147d3e.ulg,ok,8.956,37.462,74,battery_status;sensor_combined;sensor_gps;vehicle_acceleration;vehicle_angular_velocity;vehicle_attitude;vehicle_global_position;vehicle_local_position;vehicle_status,1,1,1,1,1,33.813,10.975,24.968,17.82,9.988,517.345,50.003,50.003,0.0,0.0,-1.0,15.3
crash,05206c31-4fb4-4f27-b4a5-8334dcbd94c8.ulg,ok,12.217,51.28,73,battery_status;sensor_combined;sensor_gps;vehicle_acceleration;vehicle_angular_velocity;vehicle_attitude;vehicle_global_position;vehicle_local_position;vehicle_status,1,1,1,1,1,28.512,11.571,16.864,25.042,11.239,407.682,50.003,50.003,0.0,0.0,-1.0,15.3
crash,059e496b-21c5-430e-b335-0622218888d8.ulg,ok,0.07,0.0,0,,0,0,0,0,0,,,,,,,,,,,,
crash,0630c142-5bc6-4662-9864-0bb23dc311ed.ulg,ok,18.28,75.068,77,battery_status;sensor_combined;sensor_gps;vehicle_acceleration;vehicle_angular_velocity;vehicle_attitude;vehicle_global_position;vehicle_local_position;vehicle_status,1,1,1,1,1,36.633,8.366,44.373,30.778,10.389,630.319,72.316,50.003,22.313,17.834,-1.0,15.334
crash,0923e36b-a477-49a9-9d04-f6117460ebcc.ulg,ok,0.238,132.138,56,battery_status;sensor_combined;sensor_gps;vehicle_acceleration;vehicle_angular_velocity;vehicle_attitude;vehicle_local_position;vehicle_status,1,1,1,1,1,0.007,0.004,0.007,9.832,9.806,0.004,0.0,0.0,0.0,0.0,0.388,0.03
crash,0e50d185-57a0-4355-a229-025dec24f8c4.ulg,ok,1.002,346.687,58,battery_status;sensor_combined;vehicle_acceleration;vehicle_angular_velocity;vehicle_attitude;vehicle_local_position;vehicle_status,1,0,1,1,1,0.002,0.001,0.015,9.834,9.806,0.001,88.681,88.667,0.014,0.002,0.223,7.943
crash,0eb1ae9e-7095-48f5-8d83-0ac36092e0df.ulg,ok,5.134,84.02,55,battery_status;sensor_combined;vehicle_acceleration;vehicle_angular_velocity;vehicle_attitude;vehicle_local_position;vehicle_status,1,0,1,1,1,0.786,0.092,0.27,17.322,9.912,2.176,57.015,50.887,6.128,4.376,8.899,6.348
crash,15292d6f-9b1a-42f6-a6e3-2438292ee46c.ulg,ok,10.711,45.481,76,battery_status;sensor_combined;sensor_gps;vehicle_acceleration;vehicle_angular_velocity;vehicle_attitude;vehicle_global_position;vehicle_local_position;vehicle_status,1,1,1,1,1,30.165,8.838,18.261,25.916,10.464,405.97,72.881,50.003,22.878,30.181,-1.0,15.361
crash,1f492f34-6be4-4131-88a9-58b7fc121bfe.ulg,ok,29.878,121.098,79,battery_status;sensor_combined;sensor_gps;vehicle_acceleration;vehicle_angular_velocity;vehicle_attitude;vehicle_global_position;vehicle_local_position;vehicle_status,1,1,1,1,1,32.448,4.803,20.395,21.742,10.164,575.281,99.995,50.003,49.992,24.769,-1.0,15.511
crash,20a4948a-4325-4e62-bb7c-d39d866fb569.ulg,ok,44.732,179.098,75,battery_status;sensor_combined;sensor_gps;vehicle_acceleration;vehicle_angular_velocity;vehicle_attitude;vehicle_global_position;vehicle_local_position;vehicle_status,1,1,1,1,1,23.648,4.629,8.765,19.75,10.407,1011.368,50.003,50.003,0.0,0.0,-1.0,15.3
crash,2365f5a0-d62a-4c98-9d65-b9e9c06d64a7.ulg,ok,0.47,171.207,55,battery_status;sensor_combined;sensor_gps;vehicle_acceleration;vehicle_angular_velocity;vehicle_attitude;vehicle_local_position;vehicle_status,1,1,1,1,1,0.317,0.064,0.418,12.943,9.85,0.43,0.0,0.0,0.0,0.0,0.429,0.032
crash,24f78bdf-c061-4f5c-8080-c53dd26f5df7.ulg,ok,17.987,67.252,76,battery_status;sensor_combined;sensor_gps;vehicle_acceleration;vehicle_angular_velocity;vehicle_attitude;vehicle_global_position;vehicle_local_position;vehicle_status,1,1,1,1,1,5.034,2.588,3.0,12.443,9.841,132.318,94.476,50.003,44.473,39.677,-1.0,15.457
crash,26042eeb-eea6-4335-99bd-4da163fa1869.ulg,ok,41.276,165.529,75,battery_status;sensor_combined;sensor_gps;vehicle_acceleration;vehicle_angular_velocity;vehicle_attitude;vehicle_global_position;vehicle_local_position;vehicle_status,1,1,1,1,1,28.26,5.085,14.934,18.28,10.454,908.786,50.003,50.003,0.0,0.0,-1.0,15.3
crash,29215778-5755-4cc3-8bd8-5f5b35bd81b3.ulg,ok,32.712,118.92,78,battery_status;sensor_combined;sensor_gps;vehicle_acceleration;vehicle_angular_velocity;vehicle_attitude;vehicle_global_position;vehicle_local_position;vehicle_status,1,1,1,1,1,5.014,1.673,3.0,67.431,9.854,77.538,96.992,50.003,46.989,23.708,-1.0,15.397
crash,2d2597df-9764-4b58-8ef0-7d6ac5122c7d.ulg,ok,17.705,73.136,76,battery_status;sensor_combined;sensor_gps;vehicle_acceleration;vehicle_angular_velocity;vehicle_attitude;vehicle_global_position;vehicle_local_position;vehicle_status,1,1,1,1,1,24.471,4.909,33.4,20.184,10.613,270.362,50.021,50.003,0.018,0.015,-1.0,15.3
crash,2edb4562-5bc7-482f-b7a6-f2efa47caa89.ulg,ok,71.443,258.12,76,battery_status;sensor_combined;sensor_gps;vehicle_acceleration;vehicle_angular_velocity;vehicle_attitude;vehicle_global_position;vehicle_local_position;vehicle_status,1,1,1,1,1,5.038,3.874,3.0,12.436,9.849,241.088,97.785,50.003,47.782,11.107,-1.0,15.346
crash,3385261e-876c-4720-8b38-774a42f967bb.ulg,ok,4.042,66.619,54,battery_status;sensor_combined;vehicle_acceleration;vehicle_angular_velocity;vehicle_attitude;vehicle_local_position;vehicle_status,1,0,1,1,1,0.45,0.071,0.425,12.742,9.869,2.244,48.317,43.089,5.228,4.709,9.578,6.152
crash,33a47432-46c8-4cf5-ad8f-9ba3c1d05f03.ulg,ok,26.708,107.942,78,battery_status;sensor_combined;sensor_gps;vehicle_acceleration;vehicle_angular_velocity;vehicle_attitude;vehicle_global_position;vehicle_local_position;vehicle_status,1,1,1,1,1,40.056,7.883,43.814,20.264,10.298,948.323,50.003,50.003,0.0,0.0,-1.0,15.3
crash,35fad7b1-5ff4-42aa-aecd-202a6379063d.ulg,ok,1.992,101.201,57,battery_status;sensor_combined;vehicle_acceleration;vehicle_angular_velocity;vehicle_attitude;vehicle_local_position;vehicle_status,1,0,1,1,1,0.819,0.16,0.865,27.883,9.889,0.985,31.181,30.536,0.645,0.382,7.005,6.001
crash,3673dde4-5dec-4446-9fdd-fac8e9a3fb83.ulg,ok,7.861,31.627,71,battery_status;sensor_combined;sensor_gps;vehicle_acceleration;vehicle_angular_velocity;vehicle_attitude;vehicle_global_position;vehicle_local_position;vehicle_status,1,1,1,1,1,1.416,0.403,0.088,10.131,9.837,3.014,50.003,50.003,0.0,0.0,-1.0,15.3
crash,3676d17f-bcb9-4915-8e78-72452605d4aa.ulg,ok,0.665,12.622,55,battery_status;sensor_combined;vehicle_acceleration;vehicle_angular_velocity;vehicle_attitude;vehicle_local_position;vehicle_status,1,0,1,1,1,0.663,0.232,3.833,11.891,9.077,0.766,49.628,48.965,0.663,3.152,7.512,6.426
crash,367728df-12fb-45a2-87b3-1e3d1e8ea453.ulg,ok,0.27,22.694,55,battery_status;sensor_combined;sensor_gps;vehicle_acceleration;vehicle_angular_velocity;vehicle_attitude;vehicle_local_position;vehicle_status,1,1,1,1,1,0.013,0.005,0.004,9.836,9.807,0.016,0.0,0.0,0.0,0.0,0.436,0.047
crash,371fa7cc-1edd-46b9-b4f9-b6b451d4a29e.ulg,ok,2.567,42.926,57,battery_status;sensor_combined;vehicle_acceleration;vehicle_angular_velocity;vehicle_attitude;vehicle_local_position;vehicle_status,1,0,1,1,1,0.197,0.036,0.348,25.379,9.978,0.194,39.132,35.271,3.861,5.397,10.312,5.673
crash,3ce1620a-e157-4298-bb77-204ed390bc5a.ulg,ok,0.274,32.066,64,battery_status;sensor_combined;sensor_gps;vehicle_acceleration;vehicle_angular_velocity;vehicle_attitude;vehicle_local_position;vehicle_status,1,1,1,1,1,0.133,0.053,0.056,9.987,9.812,0.233,91.692,89.692,2.0,3.742,5.444,12.201
crash,3f88ea92-2814-4896-b51a-7052fd811352.ulg,ok,10.015,42.19,77,battery_status;sensor_combined;sensor_gps;vehicle_acceleration;vehicle_angular_velocity;vehicle_attitude;vehicle_global_position;vehicle_local_position;vehicle_status,1,1,1,1,1,11.316,1.936,2.998,16.92,10.131,45.334,64.815,50.003,14.812,21.065,-1.0,15.326
crash,42e0c512-0360-47cb-92a7-b2e46f83c393.ulg,ok,1.589,29.894,54,battery_status;sensor_combined;vehicle_acceleration;vehicle_angular_velocity;vehicle_attitude;vehicle_local_position;vehicle_status,1,0,1,1,1,1.641,0.198,0.877,19.129,9.965,1.828,34.257,31.421,2.836,5.692,9.377,5.695
crash,44b4e1f9-de39-4f4c-97cf-0cc668c6e2d6.ulg,ok,33.041,119.968,79,battery_status;sensor_combined;sensor_gps;vehicle_acceleration;vehicle_angular_velocity;vehicle_attitude;vehicle_global_position;vehicle_local_position;vehicle_status,1,1,1,1,1,5.007,1.658,3.0,12.459,9.828,77.528,98.192,61.782,36.41,18.21,-1.0,15.405
crash,45884e3e-dc7a-406c-8133-748e25eb388b.ulg,ok,25.516,103.757,75,battery_status;sensor_combined;sensor_gps;vehicle_acceleration;vehicle_angular_velocity;vehicle_attitude;vehicle_global_position;vehicle_local_position;vehicle_status,1,1,1,1,1,35.555,10.651,36.492,29.108,10.156,1079.351,50.003,50.003,0.0,0.0,-1.0,15.3
crash,49775cce-02b1-4b85-964b-e36d3e17684e.ulg,ok,0.199,14678.087,51,battery_status;sensor_combined;sensor_gps;vehicle_acceleration;vehicle_angular_velocity;vehicle_attitude;vehicle_local_position;vehicle_status,1,1,1,1,1,0.015,0.012,0.007,9.831,9.802,0.0,0.0,0.0,0.0,0.0,0.392,0.04
crash,4993525c-d045-4e41-a2dc-86c735e25a11.ulg,ok,0.113,1.987,41,battery_status;sensor_combined;vehicle_acceleration;vehicle_angular_velocity;vehicle_attitude;vehicle_local_position;vehicle_status,1,0,1,1,1,0.005,0.004,0.012,9.828,9.806,0.002,82.863,82.872,-0.009,-0.272,2.975,12.036
crash,4ff9b093-1d1b-4762-ad3b-225331671015.ulg,ok,77.431,278.948,77,battery_status;sensor_combined;sensor_gps;vehicle_acceleration;vehicle_angular_velocity;vehicle_attitude;vehicle_global_position;vehicle_local_position;vehicle_status,1,1,1,1,1,5.039,3.6,3.0,66.457,9.826,449.796,97.194,79.377,17.817,3.832,-1.0,15.345
crash,5084cff1-bc6c-429a-8764-3050de66eaed.ulg,ok,14.206,58.48,74,battery_status;sensor_combined;sensor_gps;vehicle_acceleration;vehicle_angular_velocity;vehicle_attitude;vehicle_global_position;vehicle_local_position;vehicle_status,1,1,1,1,1,37.056,15.23,37.556,21.577,10.568,851.735,50.003,50.003,0.0,0.0,-1.0,15.3
crash,513aeff7-13c8-4456-9ce6-845f03ed83d0.ulg,ok,10.115,43.165,76,battery_status;sensor_combined;sensor_gps;vehicle_acceleration;vehicle_angular_velocity;vehicle_attitude;vehicle_global_position;vehicle_local_position;vehicle_status,1,1,1,1,1,44.458,17.641,37.56,17.799,10.163,607.226,57.396,50.003,7.393,10.276,-1.0,15.305
crash,536cdbaf-1c5e-454e-8e3b-ddc49bd536dd.ulg,ok,0.143,17.342,55,battery_status;sensor_combined;sensor_gps;vehicle_acceleration;vehicle_angular_velocity;vehicle_attitude;vehicle_local_position;vehicle_status,1,1,1,1,1,0.005,0.004,0.004,9.82,9.802,0.001,0.0,0.0,0.0,0.0,0.257,0.055
crash,54b4bda4-4838-4c1f-a552-4c2c1224576e.ulg,ok,0.927,17.955,55,battery_status;sensor_combined;vehicle_acceleration;vehicle_angular_velocity;vehicle_attitude;vehicle_local_position;vehicle_status,1,0,1,1,1,0.125,0.046,1.235,54.001,10.068,0.068,58.157,57.638,0.519,1.734,7.33,6.565
crash,57882030-fc63-4bd9-a444-e9bf866c7370.ulg,ok,1.658,1674.104,61,battery_status;sensor_combined;vehicle_acceleration;vehicle_angular_velocity;vehicle_attitude;vehicle_local_position;vehicle_status,1,0,1,1,1,1.709,0.192,7.102,153.251,11.77,1.093,34.195,33.659,0.536,0.019,6.78,6.08
crash,5795da4e-2ca7-427f-bfd6-04646f58ad18.ulg,ok,7.02,30.76,75,battery_status;sensor_combined;sensor_gps;vehicle_acceleration;vehicle_angular_velocity;vehicle_attitude;vehicle_global_position;vehicle_local_position;vehicle_status,1,1,1,1,1,19.894,2.63,2.239,17.766,10.268,160.925,50.003,50.003,0.0,0.0,-1.0,15.3
crash,592793bd-a706-4f2d-a3d5-32c784b52313.ulg,ok,23.024,83.896,78,battery_status;sensor_combined;sensor_gps;vehicle_acceleration;vehicle_angular_velocity;vehicle_attitude;vehicle_global_position;vehicle_local_position;vehicle_status,1,1,1,1,1,3.444,0.344,3.001,57.147,9.855,10.689,98.415,60.624,37.791,27.027,-1.0,15.452
crash,5ad48dec-aa03-4a65-bc9e-1dd82e60b1af.ulg,ok,34.218,138.291,75,battery_status;sensor_combined;sensor_gps;vehicle_acceleration;vehicle_angular_velocity;vehicle_attitude;vehicle_global_position;vehicle_local_position;vehicle_status,1,1,1,1,1,31.4,3.852,39.47,24.094,10.099,706.365,50.003,50.003,0.0,0.0,-1.0,15.3
crash,5b7f1df3-48b2-4e7b-9394-b5eacaa79d10.ulg,ok,1.679,804.036,55,battery_status;sensor_combined;sensor_gps;vehicle_acceleration;vehicle_angular_velocity;vehicle_attitude;vehicle_local_position;vehicle_status,1,1,1,1,1,0.561,0.309,0.024,9.996,9.808,12.077,0.0,0.0,0.0,0.0,0.411,0.048
crash,5e40fb74-edf4-4084-bbbe-1818c36d1544.ulg,ok,45.887,193.282,79,battery_status;sensor_combined;sensor_gps;vehicle_acceleration;vehicle_angular_velocity;vehicle_attitude;vehicle_global_position;vehicle_local_position;vehicle_status,1,1,1,1,1,2.723,0.483,2.997,11.855,9.88,7.758,99.995,50.003,49.992,15.519,-1.0,15.414
crash,61ab6410-cc08-4c8a-b2b1-b0cb0e6c9031.ulg,ok,0.356,39.699,55,battery_status;sensor_combined;sensor_gps;vehicle_acceleration;vehicle_angular_velocity;vehicle_attitude;vehicle_local_position;vehicle_status,1,1,1,1,1,0.08,0.042,0.092,9.889,9.827,0.342,76.158,75.494,0.664,1.004,4.514,11.81
crash,626286e3-b54c-42ed-b3ef-c4f82899dd84.ulg,ok,18.756,77.144,73,battery_status;sensor_combined;sensor_gps;vehicle_acceleration;vehicle_angular_velocity;vehicle_attitude;vehicle_global_position;vehicle_local_position;vehicle_status,1,1,1,1,1,64.335,7.823,42.218,17.129,10.021,570.617,55.316,50.003,5.313,4.132,-1.0,15.301
crash,62e7654f-c1dc-4a40-b30e-7e5ac48d55dc.ulg,ok,23.41,95.465,75,battery_status;sensor_combined;sensor_gps;vehicle_acceleration;vehicle_angular_velocity;vehicle_attitude;vehicle_global_position;vehicle_local_position;vehicle_status,1,1,1,1,1,30.265,7.901,29.638,18.036,10.294,828.203,50.003,50.003,0.0,0.0,-1.0,15.3
crash,64eae2fa-c906-478b-a426-3eeb59de307b.ulg,ok,12.772,53.8,76,battery_status;sensor_combined;sensor_gps;vehicle_acceleration;vehicle_angular_velocity;vehicle_attitude;vehicle_global_position;vehicle_local_position;vehicle_status,1,1,1,1,1,35.261,13.121,24.669,17.945,10.115,641.241,58.631,50.003,8.628,9.622,-1.0,15.306
crash,674ac15c-dfb5-45fb-9b28-569734fc7261.ulg,ok,2.383,64.507,59,battery_status;sensor_combined;vehicle_acceleration;vehicle_angular_velocity;vehicle_attitude;vehicle_local_position;vehicle_status,1,0,1,1,1,0.567,0.04,0.319,12.775,9.81,0.666,,,,,0.0,0.0
crash,69f75796-8aa9-47bf-988c-af3fccd6eaca.ulg,ok,20.96,85.484,76,battery_status;sensor_combined;sensor_gps;vehicle_acceleration;vehicle_angular_velocity;vehicle_attitude;vehicle_global_position;vehicle_local_position;vehicle_status,1,1,1,1,1,65.561,9.606,58.73,41.894,10.629,463.574,50.003,50.003,0.0,0.0,-1.0,15.3
crash,6b949b90-26ec-4b34-ba07-cc196d50e999.ulg,ok,20.231,82.502,76,battery_status;sensor_combined;sensor_gps;vehicle_acceleration;vehicle_angular_velocity;vehicle_attitude;vehicle_global_position;vehicle_local_position;vehicle_status,1,1,1,1,1,62.364,10.755,48.308,28.105,9.821,587.836,50.003,50.003,0.0,0.0,-1.0,15.3
crash,72156a14-d999-4935-99d5-8a22b945d3eb.ulg,ok,17.898,73.568,75,battery_status;sensor_combined;sensor_gps;vehicle_acceleration;vehicle_angular_velocity;vehicle_attitude;vehicle_global_position;vehicle_local_position;vehicle_status,1,1,1,1,1,24.98,5.088,8.066,21.923,10.67,562.374,50.003,50.003,0.0,0.0,-1.0,15.3
crash,763359a0-d310-4c94-ac3d-3db16ac8652b.ulg,ok,70.982,282.228,76,battery_status;sensor_combined;sensor_gps;vehicle_acceleration;vehicle_angular_velocity;vehicle_attitude;vehicle_global_position;vehicle_local_position;vehicle_status,1,1,1,1,1,13.706,1.192,1.643,16.926,10.048,232.588,50.003,50.003,0.0,0.0,-1.0,15.3
